from_rub,to_rub,upper_bound_inclusive,max_error,max_error_percent,display_percent_ceiling,budget_of_max_rub,scenario,main_instruments,control_instruments,valid_cases,empty_cases
50000,60000,False,0.2616975611695916907172995694,26.16975611695916907172995694,26.17,50000,55,5,3,10010,0
60000,70000,False,0.2557680336441503465048162904,25.57680336441503465048162904,25.58,61000,515,7,4,10010,0
70000,80000,False,0.2165037358138347620486726656,21.65037358138347620486726656,21.66,70000,148,8,5,10010,0
80000,90000,False,0.0667169218623417232536289443,6.671692186234172325362894430,6.68,80000,517,8,7,10010,0
90000,100000,False,0.08216871096942909737734947495,8.216871096942909737734947495,8.22,96000,982,10,8,10010,0
100000,110000,False,0.1060212656386561503722366414,10.60212656386561503722366414,10.61,109000,494,11,8,10010,0
110000,120000,False,0.1057649570162044122329646208,10.57649570162044122329646208,10.58,110000,494,11,8,10010,0
120000,130000,False,0.1323093912930894207834844408,13.23093912930894207834844408,13.24,121000,986,13,9,10010,0
130000,140000,False,0.0911360207143421063447983078,9.113602071434210634479830780,9.12,135000,386,14,11,10010,0
140000,150000,False,0.0863344013439425838630864918,8.633440134394258386308649180,8.64,140000,121,14,11,10010,0
150000,160000,False,0.0538565238578272755878999981,5.385652385782727558789999810,5.39,150000,593,15,13,10010,0
160000,170000,False,0.04768661806257411002457865338,4.768661806257411002457865338,4.77,160000,491,15,13,10010,0
170000,180000,False,0.04269041099916526475298826117,4.269041099916526475298826117,4.27,170000,252,16,14,10010,0
180000,190000,False,0.02587269260976024792066101964,2.587269260976024792066101964,2.59,180000,555,15,15,10010,0
190000,200000,False,0.02783910311239663969940329151,2.783910311239663969940329151,2.79,194000,416,16,15,10010,0
200000,210000,False,0.02730826295282757081647620355,2.730826295282757081647620355,2.74,201000,948,16,15,10010,0
210000,220000,False,0.02561624463457296408971465641,2.561624463457296408971465641,2.57,210000,670,16,15,10010,0
220000,230000,False,0.03002088176829594168856832958,3.002088176829594168856832958,3.01,228000,953,18,16,10010,0
230000,240000,False,0.03135228177368011888689043010,3.135228177368011888689043010,3.14,237000,647,17,16,10010,0
240000,250000,False,0.04083469499296594064150058283,4.083469499296594064150058283,4.09,246000,833,19,16,10010,0
250000,260000,False,0.03884475690929078840962665820,3.884475690929078840962665820,3.89,250000,713,19,16,10010,0
260000,270000,False,0.03635071582606112480927663190,3.635071582606112480927663190,3.64,263000,280,19,16,10010,0
270000,280000,False,0.03410594332753844298721577038,3.410594332753844298721577038,3.42,271000,194,19,16,10010,0
280000,290000,False,0.02567863881639631510552331204,2.567863881639631510552331204,2.57,280000,527,19,18,10010,0
290000,300000,False,0.03334191189058378528993499251,3.334191189058378528993499251,3.34,298000,197,21,18,10010,0
300000,310000,False,0.03318949832722908324134800710,3.318949832722908324134800710,3.32,300000,197,21,18,10010,0
310000,320000,False,0.03287410519637347259461000366,3.287410519637347259461000366,3.29,314000,648,22,19,10010,0
320000,330000,False,0.03165354825496208111604142128,3.165354825496208111604142128,3.17,325000,676,22,19,10010,0
330000,340000,False,0.03053165279350838568751825948,3.053165279350838568751825948,3.06,331000,216,22,19,10010,0
340000,350000,False,0.02969678341214807134232523738,2.969678341214807134232523738,2.97,340000,917,22,19,10010,0
350000,360000,False,0.02735692347760995761771278380,2.735692347760995761771278380,2.74,350000,696,23,20,10010,0
360000,370000,False,0.02955133353446836802698517261,2.955133353446836802698517261,2.96,369000,258,24,21,10010,0
370000,380000,False,0.02948283711525644495693517084,2.948283711525644495693517084,2.95,375000,110,24,21,10010,0
380000,390000,False,0.02856168497266833993109005138,2.856168497266833993109005138,2.86,380000,814,24,21,10010,0
390000,400000,False,0.02757829134174508250221612802,2.757829134174508250221612802,2.76,390000,166,24,21,10010,0
400000,410000,False,0.02533228186443762665809989492,2.533228186443762665809989492,2.54,400000,918,25,22,10010,0
410000,420000,False,0.02392398734889542043046770064,2.392398734889542043046770064,2.40,410000,854,25,22,10010,0
420000,430000,False,0.01780835317134157935744241510,1.780835317134157935744241510,1.79,421000,450,25,24,10010,0
430000,440000,False,0.02259474402412696075170478734,2.259474402412696075170478734,2.26,432000,515,25,22,10010,0
440000,450000,False,0.01815806338723745599937813238,1.815806338723745599937813238,1.82,440000,127,26,24,10010,0
450000,460000,False,0.01882961661674477217433390676,1.882961661674477217433390676,1.89,452000,981,27,24,10010,0
460000,470000,False,0.01792764697589935158629527074,1.792764697589935158629527074,1.80,462000,611,26,25,10010,0
470000,480000,False,0.01740707277677037478173186454,1.740707277677037478173186454,1.75,470000,670,26,25,10010,0
480000,490000,False,0.01601183359890812915331618661,1.601183359890812915331618661,1.61,489000,248,26,25,10010,0
490000,500000,False,0.01587073592795372308197715312,1.587073592795372308197715312,1.59,496000,837,26,25,10010,0
500000,510000,False,0.01426830388663114280808012122,1.426830388663114280808012122,1.43,506000,776,26,25,10010,0
510000,520000,False,0.01304947534936101468218780617,1.304947534936101468218780617,1.31,518000,838,25,25,10010,0
520000,530000,False,0.01282242079338620101588125798,1.282242079338620101588125798,1.29,520000,740,24,24,10010,0
530000,540000,False,0.01290022726707068343118400024,1.290022726707068343118400024,1.30,533000,433,25,25,10010,0
540000,550000,False,0.01045745315417534407625689259,1.045745315417534407625689259,1.05,546000,138,23,23,10010,0
550000,560000,False,0.01095684658884599501424226170,1.095684658884599501424226170,1.10,558000,203,26,26,10010,0
560000,570000,False,0.01115489080310219482820319794,1.115489080310219482820319794,1.12,569000,718,26,26,10010,0
570000,580000,False,0.01115999612932542135648775358,1.115999612932542135648775358,1.12,572000,746,25,25,10010,0
580000,590000,False,0.01097328660588645452443530782,1.097328660588645452443530782,1.10,583000,479,25,25,10010,0
590000,600000,False,0.01097886015957680752864020280,1.097886015957680752864020280,1.10,590000,816,27,27,10010,0
600000,610000,False,0.01090164593525069116024125094,1.090164593525069116024125094,1.10,600000,978,27,27,10010,0
610000,620000,False,0.008782008905254114705948067105,0.8782008905254114705948067105,0.88,612000,164,23,23,10010,0
620000,630000,False,0.008611122553263692067507236055,0.8611122553263692067507236055,0.87,620000,28,25,25,10010,0
630000,640000,False,0.00850543404504249212250043290,0.8505434045042492122500432900,0.86,630000,588,27,27,10010,0
640000,650000,False,0.00879236861950625989123641796,0.8792368619506259891236417960,0.88,644000,261,22,22,10010,0
650000,660000,False,0.009093232610378824605292004685,0.9093232610378824605292004685,0.91,651000,856,25,25,10010,0
660000,670000,False,0.0702708804675566669841169493,7.027088046755666698411694930,7.03,669000,261,33,22,10010,0
670000,680000,False,0.0708225052365113019868964306,7.082250523651130198689643060,7.09,675000,261,33,22,10010,0
680000,690000,False,0.0705327983018563636914139274,7.053279830185636369141392740,7.06,680000,261,33,22,10010,0
690000,700000,False,0.06844330451483567462994357475,6.844330451483567462994357475,6.85,697000,164,35,23,10010,0
700000,710000,False,0.06419167311095405272039541105,6.419167311095405272039541105,6.42,700000,888,34,23,10010,0
710000,720000,False,0.0603650350338100885792270640,6.036503503381008857922706400,6.04,710000,513,35,24,10010,0
720000,730000,False,0.06035585467278253639116011595,6.035585467278253639116011595,6.04,726000,752,34,23,10010,0
730000,740000,False,0.06095107088639228179599268365,6.095107088639228179599268365,6.10,732000,752,34,23,10010,0
740000,750000,False,0.0618730771759566360891833630,6.187307717595663608918336300,6.19,740000,752,34,23,10010,0
750000,760000,False,0.01445767619805489456266725548,1.445767619805489456266725548,1.45,753000,212,35,33,10010,0
760000,770000,False,0.01338877538349520107297033145,1.338877538349520107297033145,1.34,769000,11,37,35,10010,0
770000,780000,False,0.01399852343938458655040722664,1.399852343938458655040722664,1.40,777000,433,35,33,10010,0
780000,790000,False,0.01311150259304755070905712160,1.311150259304755070905712160,1.32,789000,210,36,33,10010,0
790000,800000,False,0.01251859397428702921808627043,1.251859397428702921808627043,1.26,792000,228,36,34,10010,0
800000,810000,False,0.01359505906226450721553122652,1.359505906226450721553122652,1.36,807000,830,37,34,10010,0
810000,820000,False,0.01280252776423227775978059082,1.280252776423227775978059082,1.29,819000,423,38,36,10010,0
820000,830000,False,0.01272092113254471666170491155,1.272092113254471666170491155,1.28,820000,423,38,36,10010,0
830000,840000,False,0.01246234783907133863386695252,1.246234783907133863386695252,1.25,838000,668,37,35,10010,0
840000,850000,False,0.01207971930338765985338305173,1.207971930338765985338305173,1.21,846000,68,38,36,10010,0
850000,860000,False,0.01189729834511319089015760006,1.189729834511319089015760006,1.19,853000,764,39,37,10010,0
860000,870000,False,0.01198554409039262074135112422,1.198554409039262074135112422,1.20,866000,467,38,36,10010,0
870000,880000,False,0.01321457713677239055943848803,1.321457713677239055943848803,1.33,879000,756,40,37,10010,0
880000,890000,False,0.01341212968719275794384156679,1.341212968719275794384156679,1.35,880000,756,40,37,10010,0
890000,900000,False,0.01337679879741298324510279772,1.337679879741298324510279772,1.34,891000,895,39,36,10010,0
900000,910000,False,0.01302203066882952483995640459,1.302203066882952483995640459,1.31,909000,430,40,37,10010,0
910000,920000,False,0.01289252129040913410833312336,1.289252129040913410833312336,1.29,910000,430,40,37,10010,0
920000,930000,False,0.01106444448707832204115546706,1.106444448707832204115546706,1.11,924000,465,39,37,10010,0
930000,940000,False,0.01291076044443055690638272898,1.291076044443055690638272898,1.30,930000,546,39,36,10010,0
940000,950000,False,0.01095099603616925990360951520,1.095099603616925990360951520,1.10,940000,588,39,37,10010,0
950000,960000,False,0.01275479854772660244025215232,1.275479854772660244025215232,1.28,956000,374,40,37,10010,0
960000,970000,False,0.01097595900863132166885729226,1.097595900863132166885729226,1.10,961000,856,39,38,10010,0
970000,980000,False,0.01036859323222509880942322025,1.036859323222509880942322025,1.04,974000,445,40,38,10010,0
980000,990000,False,0.01044666215627481116094460453,1.044666215627481116094460453,1.05,989000,664,40,38,10010,0
990000,1000000,True,0.01056725506564441772721816143,1.056725506564441772721816143,1.06,997000,636,40,39,11011,0
