budget_rub,original_max_error,envelope,envelope_percent,maximizing_sizes
50000,0.2616975611695916907172995694,0.26169757,26.16975700,5
51000,0.2552152995854113164999906012,0.25521531,25.52153100,5
52000,0.2552152995854113164999906012,0.25521530,25.52153000,5
53000,0.2442310856439820877325952485,0.24423109,24.42310900,5
54000,0.1422606157049019490541882530,0.14226062,14.22606200,4
55000,0.1382025617040699478824238602,0.20567278,20.56727800,6
56000,0.2056727600432915526108856457,0.20567277,20.56727700,6
57000,0.2047413208049948653066242555,0.20474133,20.47413300,6
58000,0.2004555280756449465912555039,0.25576807,25.57680700,7
59000,0.1735868882765277077810870492,0.25576806,25.57680600,7
60000,0.1708260245478882252256937864,0.25576805,25.57680500,7
61000,0.2557680336441503465048162904,0.25576804,25.57680400,7
62000,0.1761443855847362100463105832,0.17614439,17.61443900,7
63000,0.1728331738081972828912881957,0.17283318,17.28331800,7
64000,0.1726211363351718789311992492,0.22412862,22.41286200,8
65000,0.1726211363351718789311992492,0.22412861,22.41286100,8
66000,0.1719001178119190276332477540,0.22412860,22.41286000,8
67000,0.2241285884448709080720526384,0.22412859,22.41285900,8
68000,0.2219877829148060535133192871,0.22198779,22.19877900,8
69000,0.2174120281416639553106538788,0.21741203,21.74120300,8
70000,0.2165037358138347620486726655,0.21650374,21.65037400,8
71000,0.1574528152386183219534570778,0.20753400,20.75340000,8
72000,0.2075339813285517381089908574,0.20753399,20.75339900,8
73000,0.1521779462127595760666294067,0.15217795,15.21779500,7
74000,0.1501182676212017503810257936,0.15011827,15.01182700,7
75000,0.1375919269543683566014383962,0.13759193,13.75919300,8
76000,0.1350351820595071395457240228,0.13503519,13.50351900,8
77000,0.1331413514465857088538176632,0.13314136,13.31413600,8
78000,0.0692270805233309959163819495,0.06922709,6.92270900,8
79000,0.06813363929744507034410172455,0.06813364,6.81336400,8
80000,0.0667169218623417232536289443,0.06671693,6.67169300,8
81000,0.06591416093841518138686030535,0.06591417,6.59141700,8
82000,0.05955263822653219467460156035,0.05955264,5.95526400,8
83000,0.0538097702279436626552040240,0.05380978,5.38097800,8
84000,0.0512693262676272350484829128,0.05126933,5.12693300,8
85000,0.03738197702024978022483691028,0.04332535,4.33253500,8
86000,0.03806409422784655529249961464,0.04332534,4.33253400,8
87000,0.04064978021326144953356645190,0.04332533,4.33253300,8
88000,0.04059904376745911441694611248,0.04332532,4.33253200,8
89000,0.04011474582098686530079581612,0.04332531,4.33253100,8
90000,0.03982768259828990113378339182,0.04332530,4.33253000,8
91000,0.03948217093972165648058520142,0.06694498,6.69449800,9
92000,0.03903164846151562825624770746,0.06694497,6.69449700,9
93000,0.04031079040531930327631389958,0.06694496,6.69449600,9
94000,0.04980987427439832131563033798,0.09127858,9.12785800,10
95000,0.08173371277158344674240745435,0.09127857,9.12785700,10
96000,0.0821687109694290973773494749,0.09127856,9.12785600,10
97000,0.0808867550403167130060086511,0.09127855,9.12785500,10
98000,0.08030410168603601393070527075,0.09127854,9.12785400,10
99000,0.0801020875404967796721343374,0.09127853,9.12785300,10
100000,0.0791423932756366692134098544,0.09127852,9.12785200,10
101000,0.07736079749866088512726647545,0.09127851,9.12785100,10
102000,0.07670312115337402847759002355,0.09127850,9.12785000,10
103000,0.0760417441888074240417824002,0.09127849,9.12784900,10
104000,0.07485685869561871196563386425,0.09127848,9.12784800,10
105000,0.0837349374936847175098808108,0.10602131,10.60213100,11
106000,0.0821237339131625857165284662,0.10602130,10.60213000,11
107000,0.0800087325786341523143260302,0.10602129,10.60212900,11
108000,0.0912784282398186219917511733,0.10602128,10.60212800,11
109000,0.1060212656386561503722366415,0.10602127,10.60212700,11
110000,0.1057649570162044122329646208,0.10576496,10.57649600,11
111000,0.1051290167398924541395902133,0.10512902,10.51290200,11
112000,0.1026718390385715026377819338,0.10279799,10.27979900,11
113000,0.1027979775827754009499536459,0.10279798,10.27979800,11
114000,0.1042028725257664290113023574,0.10444444,10.44444400,12
115000,0.1027217103970966337019492430,0.10444443,10.44444300,12
116000,0.1015649036653861644084243923,0.10444442,10.44444200,12
117000,0.1024588796781024623204201093,0.13230944,13.23094400,13
118000,0.0707292985313591129993620057,0.13230943,13.23094300,13
119000,0.1044443825570078388624128602,0.13230942,13.23094200,13
120000,0.09787149531577638151115639785,0.13230941,13.23094100,13
121000,0.1323093912930894207834844408,0.13230940,13.23094000,13
122000,0.0966531844205468949891107914,0.09665319,9.66531900,12
123000,0.0949523910637941652927808286,0.09495240,9.49524000,13
124000,0.0948832615080202647491595073,0.09488327,9.48832700,13
125000,0.09009376365523964336506237185,0.09009377,9.00937700,13
126000,0.06696862236986862621358907525,0.06696863,6.69686300,12
127000,0.0637974026235072597894027835,0.06482422,6.48242200,13
128000,0.0624997434634401180091834380,0.06482421,6.48242100,13
129000,0.0625344549959746126447155378,0.06482420,6.48242000,13
130000,0.0609828603780455037427693928,0.06482419,6.48241900,13
131000,0.0648241790363445716052635772,0.09113607,9.11360700,14
132000,0.06469282842351151821885230535,0.09113606,9.11360600,14
133000,0.06425514729535758618535786835,0.09113605,9.11360500,14
134000,0.06409997867632448363362063665,0.09113604,9.11360400,14
135000,0.09113602071434210634479830785,0.09113603,9.11360300,14
136000,0.0897018411467427036034291323,0.08987823,8.98782300,14
137000,0.08987821371072803512596150065,0.08987822,8.98782200,14
138000,0.0868204961443707776941034389,0.08696547,8.69654700,15
139000,0.08696545933676009388025897335,0.08696546,8.69654600,15
140000,0.0863344013439425838630864918,0.08633441,8.63344100,14
141000,0.0860824265310703535896876916,0.08608243,8.60824300,14
142000,0.0855865969000815102105568667,0.08558660,8.55866000,14
143000,0.08384492891839865843629910065,0.08384493,8.38449300,15
144000,0.0833335978411130162202893881,0.08333360,8.33336000,15
145000,0.0830836513320653867458140902,0.08308366,8.30836600,15
146000,0.08264263106128742362751159165,0.08264264,8.26426400,14
147000,0.0824719878400404164769145630,0.08247199,8.24719900,14
148000,0.08150970949995991515004353655,0.08150971,8.15097100,15
149000,0.0795311271244957377705595456,0.07953113,7.95311300,15
150000,0.0538565238578272755878999981,0.05385653,5.38565300,15
151000,0.05297181789602255255477085835,0.05297182,5.29718200,15
152000,0.0528104599113120288943905764,0.05281046,5.28104600,15
153000,0.0519775454650940734339685833,0.05197755,5.19775500,15
154000,0.0515158414106352002387471695,0.05151585,5.15158500,15
155000,0.04972229720119495799408313178,0.04972231,4.97223100,15
156000,0.04972229720119495799408313178,0.04972230,4.97223000,15
157000,0.04970603880805603947727369368,0.04970604,4.97060400,15
158000,0.04961003276243750349953089216,0.04961004,4.96100400,15
159000,0.04831132420455968117908889403,0.04831133,4.83113300,15
160000,0.04768661806257411002457865338,0.04768662,4.76866200,15
161000,0.04752355329943140328775447268,0.04752356,4.75235600,15
162000,0.04750651779191258651974822124,0.04750652,4.75065200,15
163000,0.04640141224750575671403073989,0.04640142,4.64014200,15
164000,0.04638575677649482839080376874,0.04638576,4.63857600,15
165000,0.04594656588603340845076299267,0.04594657,4.59465700,15
166000,0.04539919956405410568706328171,0.04539920,4.53992000,15
167000,0.04362005360177043122565245990,0.04362006,4.36200600,15
168000,0.04316753077585727360869297155,0.04316754,4.31675400,16
169000,0.04307847734342887109336467438,0.04307848,4.30784800,16
170000,0.04269041099916526475298826117,0.04269042,4.26904200,16
171000,0.04204127274063864425773492163,0.04204128,4.20412800,16
172000,0.02406713578526644696504828764,0.02783933,2.78393300,16
173000,0.02487944734616362435665281914,0.02783932,2.78393200,16
174000,0.02454325521755520253743491914,0.02783931,2.78393100,16
175000,0.02469761751002428203168553618,0.02783930,2.78393000,16
176000,0.02481849360670888170609540443,0.02783929,2.78392900,16
177000,0.02513195809355874876170077684,0.02783928,2.78392800,16
178000,0.02571871693400296022660904182,0.02783927,2.78392700,16
179000,0.02606581505644623435057602748,0.02783926,2.78392600,16
180000,0.02587269260976024792066101964,0.02783925,2.78392500,16
181000,0.02587122893795822271842582150,0.02783924,2.78392400,16
182000,0.02580278773571088967729112265,0.02783923,2.78392300,16
183000,0.02567754132049236100773149624,0.02783922,2.78392200,16
184000,0.02556671035942614898213116403,0.02783921,2.78392100,16
185000,0.02556183946048782201179465608,0.02783920,2.78392000,16
186000,0.02551022027349176226957855922,0.02783919,2.78391900,16
187000,0.02537586475523584038243965328,0.02783918,2.78391800,16
188000,0.02530623196135707304199505152,0.02783917,2.78391700,16
189000,0.02519199740401185243418432238,0.02783916,2.78391600,16
190000,0.02510933260714239105534322455,0.02783915,2.78391500,16
191000,0.02504419828912369477813108264,0.02783914,2.78391400,16
192000,0.02759398569291882416683487808,0.02783913,2.78391300,16
193000,0.02778085008736528109488384782,0.02783912,2.78391200,16
194000,0.02783910311239663969940329151,0.02783911,2.78391100,16
195000,0.02740236217628597261453655737,0.02753247,2.75324700,16
196000,0.02753245525951097507130577552,0.02753246,2.75324600,16
197000,0.02723838614689680268962140696,0.02735312,2.73531200,16
198000,0.02735310269650721169709971670,0.02735311,2.73531100,16
199000,0.02702869487930174147279945284,0.02730829,2.73082900,16
200000,0.02714576910092190842933225565,0.02730828,2.73082800,16
201000,0.02730826295282757081647620355,0.02730827,2.73082700,16
202000,0.02664819048426823197207665450,0.02667752,2.66775200,16
203000,0.02667750504716458776268609626,0.02667751,2.66775100,16
204000,0.02655371835341435781172063488,0.02655372,2.65537200,16
205000,0.02648311646097377481693445056,0.02648312,2.64831200,16
206000,0.02618946375753623302108107783,0.02618947,2.61894700,16
207000,0.02612738767247603651377405645,0.02612739,2.61273900,16
208000,0.02566021131543861992777487370,0.02566022,2.56602200,16
209000,0.02563682373724553733318704728,0.02563683,2.56368300,16
210000,0.02561624463457296408971465641,0.02561625,2.56162500,16
211000,0.02523159764873446168314328888,0.02523160,2.52316000,16
212000,0.02189603828234467182758225769,0.03202374,3.20237400,17
213000,0.02202760967349150898813899686,0.03202373,3.20237300,17
214000,0.02189551380209484233338883354,0.03202372,3.20237200,17
215000,0.02163273470880746188403786872,0.03202371,3.20237100,17
216000,0.02163273470880746188403786872,0.03202370,3.20237000,17
217000,0.02147310590951246949298153627,0.03202369,3.20236900,17
218000,0.02143978067182942304211357897,0.03202368,3.20236800,17
219000,0.02128367694875885507922522928,0.03202367,3.20236700,17
220000,0.02128367694875885507922522928,0.03202366,3.20236600,17
221000,0.02079623058915335893671248424,0.03202365,3.20236500,17
222000,0.01894984401808292229526492592,0.03202364,3.20236400,17
223000,0.01763144409087071809063511559,0.03202363,3.20236300,17
224000,0.01835853355119018182741198678,0.03202362,3.20236200,17
225000,0.02814115002696983889197629390,0.03202361,3.20236100,17
226000,0.02798439330126916693056058796,0.03202360,3.20236000,17
227000,0.02732136708907299442345787090,0.03202359,3.20235900,17
228000,0.03002088176829594168856832958,0.03202358,3.20235800,17
229000,0.02998490256854702896452136462,0.03202357,3.20235700,17
230000,0.01842400004570632005320273948,0.03202356,3.20235600,17
231000,0.02686026883262990400800897301,0.03202355,3.20235500,17
232000,0.02951725931954960121513016114,0.03202354,3.20235400,17
233000,0.02930484779147070579716533960,0.03202353,3.20235300,17
234000,0.02861996049107336846083667860,0.03202352,3.20235200,17
235000,0.02859172953247313717282460685,0.03202351,3.20235100,17
236000,0.02849249647256364992336197454,0.03202350,3.20235000,17
237000,0.03135228177368011888689043010,0.03202349,3.20234900,17
238000,0.02856054166648366159782051174,0.03202348,3.20234800,17
239000,0.02843025328054739914542621146,0.03202347,3.20234700,17
240000,0.03202345557359393503846811907,0.03202346,3.20234600,17
241000,0.02907784311936447777011022540,0.04083475,4.08347500,19
242000,0.04011658391803642238650802400,0.04083474,4.08347400,19
243000,0.04010712530749863107001112668,0.04083473,4.08347300,19
244000,0.03989480742393171913781155420,0.04083472,4.08347200,19
245000,0.03080323661783464899735085108,0.04083471,4.08347100,19
246000,0.04083469499296594064150058283,0.04083470,4.08347000,19
247000,0.03165344438781146201099672470,0.03884479,3.88447900,19
248000,0.03030456253491534389965544141,0.03884478,3.88447800,19
249000,0.02803189255025654803883588595,0.03884477,3.88447700,19
250000,0.03884475690929078840962665820,0.03884476,3.88447600,19
251000,0.03877854582966288189567070355,0.03877855,3.87785500,19
252000,0.02868144148186490429138933546,0.03635083,3.63508300,19
253000,0.03078172809073076142494371622,0.03635082,3.63508200,19
254000,0.03029457795483922017705405498,0.03635081,3.63508100,19
255000,0.02724531726450226227384698795,0.03635080,3.63508000,19
256000,0.02695896071459304733862485898,0.03635079,3.63507900,19
257000,0.02679350072427978852600392618,0.03635078,3.63507800,19
258000,0.02641916535118221234791589866,0.03635077,3.63507700,19
259000,0.02638565030081078216458922390,0.03635076,3.63507600,19
260000,0.02635945582462801980248778576,0.03635075,3.63507500,19
261000,0.03519548248586349882832200925,0.03635074,3.63507400,19
262000,0.03511822782012528788464437827,0.03635073,3.63507300,19
263000,0.03635071582606112480927663190,0.03635072,3.63507200,19
264000,0.03630838680815514301910878703,0.03630839,3.63083900,19
265000,0.03466152907486862582436315006,0.03466154,3.46615400,19
266000,0.03466152907486862582436315006,0.03466153,3.46615300,19
267000,0.03461694725642737524645312016,0.03461696,3.46169600,19
268000,0.03461694725642737524645312016,0.03461695,3.46169500,19
269000,0.03386852818589227960912255502,0.03410597,3.41059700,19
270000,0.03386852818589227960912255502,0.03410596,3.41059600,19
271000,0.03410594332753844298721577038,0.03410595,3.41059500,19
272000,0.02500985757865267407810601842,0.02745538,2.74553800,20
273000,0.02579351548549504074996444772,0.02745537,2.74553700,20
274000,0.02491711715624930468989831004,0.02745536,2.74553600,20
275000,0.02423352923227314408251640398,0.02745535,2.74553500,20
276000,0.02435197097740040687193111824,0.02745534,2.74553400,20
277000,0.02608872888180434772132056654,0.02745533,2.74553300,20
278000,0.02454223307686721624878822008,0.02745532,2.74553200,20
279000,0.02461147306247902788584942784,0.02745531,2.74553100,20
280000,0.02567863881639631510552331204,0.03334210,3.33421000,21
281000,0.02232099105857926343860254228,0.03334209,3.33420900,21
282000,0.02362770389165162486464881865,0.03334208,3.33420800,21
283000,0.02506947039163588021215428418,0.03334207,3.33420700,21
284000,0.02513159604771428645562977964,0.03334206,3.33420600,21
285000,0.02501842069908976030211406473,0.03334205,3.33420500,21
286000,0.02498074763165484925768206832,0.03334204,3.33420400,21
287000,0.02517761739675300372622792354,0.03334203,3.33420300,21
288000,0.02517323274102888395962995988,0.03334202,3.33420200,21
289000,0.02506038783988486347815705640,0.03334201,3.33420100,21
290000,0.02625024981573397166128314388,0.03334200,3.33420000,21
291000,0.02389466586059158623908576826,0.03334199,3.33419900,21
292000,0.02695529853188890279283796710,0.03334198,3.33419800,21
293000,0.02745516180113848405990501768,0.03334197,3.33419700,21
294000,0.02634078890899529175347215280,0.03334196,3.33419600,21
295000,0.02709161663066716694135748056,0.03334195,3.33419500,21
296000,0.02614077011011047108412438300,0.03334194,3.33419400,21
297000,0.02581509523789496106502114927,0.03334193,3.33419300,21
298000,0.03334191189058378528993499251,0.03334192,3.33419200,21
299000,0.03333648187152192287908641728,0.03333649,3.33364900,21
300000,0.03318949832722908324134800710,0.03318950,3.31895000,21
301000,0.03318411783443226235904723584,0.03318412,3.31841200,21
302000,0.03311163102456021949948584552,0.03311164,3.31116400,21
303000,0.03271916727466731670188877542,0.03271917,3.27191700,21
304000,0.03264240323761401997891579052,0.03264241,3.26424100,21
305000,0.03257172230329765567588918507,0.03257173,3.25717300,21
306000,0.03243142377018097837803613858,0.03243143,3.24314300,21
307000,0.02562133128410680606697371112,0.03190217,3.19021700,21
308000,0.03190215258374649703570823848,0.03190216,3.19021600,21
309000,0.03187042137219256530516193472,0.03187043,3.18704300,21
310000,0.03186493944966144714378796092,0.03186494,3.18649400,21
311000,0.03180596486118939306384692861,0.03287414,3.28741400,22
312000,0.03177355297791597739729842134,0.03287413,3.28741300,22
313000,0.02560796277023708851389562090,0.03287412,3.28741200,22
314000,0.03287410519637347259461000366,0.03287411,3.28741100,22
315000,0.02439461999208948895670835460,0.03165365,3.16536500,22
316000,0.02381489320507551330598742490,0.03165364,3.16536400,22
317000,0.02181206170209876878485706596,0.03165363,3.16536300,22
318000,0.02194873013759627946589462520,0.03165362,3.16536200,22
319000,0.02199461042285228722320604376,0.03165361,3.16536100,22
320000,0.02190569871279142351602429730,0.03165360,3.16536000,22
321000,0.02190569871279142351602429730,0.03165359,3.16535900,22
322000,0.02186549090900847003782467934,0.03165358,3.16535800,22
323000,0.02126132444337430116467735029,0.03165357,3.16535700,22
324000,0.02152084622414235053712178174,0.03165356,3.16535600,22
325000,0.03165354825496208111604142128,0.03165355,3.16535500,22
326000,0.03159790967751737144189903013,0.03159791,3.15979100,22
327000,0.02147452711297549786521509351,0.03053170,3.05317000,22
328000,0.02133552762992960322234939720,0.03053169,3.05316900,22
329000,0.02126742149050913626920941600,0.03053168,3.05316800,22
330000,0.02126742149050913626920941600,0.03053167,3.05316700,22
331000,0.03053165279350838568751825948,0.03053166,3.05316600,22
332000,0.03050004786661171725890788125,0.03050005,3.05000500,22
333000,0.03046504697297243424197363909,0.03046505,3.04650500,22
334000,0.02072524786811430107531942511,0.02969685,2.96968500,22
335000,0.02011047371691764481934319218,0.02969684,2.96968400,22
336000,0.02019926658523469571366119351,0.02969683,2.96968300,22
337000,0.02056620926083472069143476998,0.02969682,2.96968200,22
338000,0.02052223406944257367536877384,0.02969681,2.96968100,22
339000,0.02009772336439519003001085326,0.02969680,2.96968000,22
340000,0.02969678341214807134232523738,0.02969679,2.96967900,22
341000,0.02967244745565565667296494498,0.02967245,2.96724500,22
342000,0.02964110102584730268180800754,0.02964111,2.96411100,22
343000,0.02960865422602420540389412640,0.02960866,2.96086600,22
344000,0.02106770919073136664105000279,0.02955159,2.95515900,24
345000,0.02071925475577333557852166960,0.02955158,2.95515800,24
346000,0.02860640510716382902988055728,0.02955157,2.95515700,24
347000,0.02852585087700623455521887016,0.02955156,2.95515600,24
348000,0.02757840487885983877184449688,0.02955155,2.95515500,24
349000,0.02852905141485423050909420303,0.02955154,2.95515400,24
350000,0.02735692347760995761771278380,0.02955153,2.95515300,24
351000,0.02735475892124715452307456228,0.03150012,3.15001200,25
352000,0.02735475892124715452307456228,0.03150011,3.15001100,25
353000,0.02735059951905162749586585501,0.03150010,3.15001000,25
354000,0.02732681400606037597187344420,0.03150009,3.15000900,25
355000,0.02732266309715496534510503964,0.03150008,3.15000800,25
356000,0.02696947712197332322069929144,0.03150007,3.15000700,25
357000,0.02692818047009902911738347315,0.03150006,3.15000600,25
358000,0.02692376408758880737675805294,0.03150005,3.15000500,25
359000,0.02109100867843669700081808268,0.03150004,3.15000400,25
360000,0.02101533547590685983237819742,0.03150003,3.15000300,25
361000,0.02050115513831457565175731175,0.03150002,3.15000200,25
362000,0.02609578168169559539117329139,0.03150001,3.15000100,25
363000,0.02605102930730298870576596078,0.03150000,3.15000000,25
364000,0.02589628361693205900708095704,0.03149999,3.14999900,25
365000,0.02745828291820624134296742637,0.03149998,3.14999800,25
366000,0.02040930355088761580040663061,0.03149997,3.14999700,25
367000,0.02758079023529344845298858804,0.03149996,3.14999600,25
368000,0.02755458550320806711127737698,0.03149995,3.14999500,25
369000,0.02955133353446836802698517261,0.03149994,3.14999400,25
370000,0.02718990733716629941133800814,0.03149993,3.14999300,25
371000,0.02630906416354326580015259000,0.03149992,3.14999200,25
372000,0.02928032995944290695878650022,0.03149991,3.14999100,25
373000,0.02928032995944290695878650022,0.03149990,3.14999000,25
374000,0.02925483042713871956662463576,0.03149989,3.14998900,25
375000,0.02948283711525644495693517084,0.03149988,3.14998800,25
376000,0.02943881751102881048532590711,0.03149987,3.14998700,25
377000,0.02930578054409682701143199523,0.03149986,3.14998600,25
378000,0.02700287602420269372966802050,0.03149985,3.14998500,25
379000,0.02700287602420269372966802050,0.03149984,3.14998400,25
380000,0.02856168497266833993109005138,0.03149983,3.14998300,25
381000,0.02006159177502115604818904518,0.03149982,3.14998200,25
382000,0.02830532487387560205353296496,0.03149981,3.14998100,25
383000,0.02828233838281812904029740570,0.03149980,3.14998000,25
384000,0.02828233838281812904029740570,0.03149979,3.14997900,25
385000,0.02668995242037891662198131393,0.03149978,3.14997800,25
386000,0.02792328949915933151828237788,0.03149977,3.14997700,25
387000,0.02778857283495931294156837412,0.03149976,3.14997600,25
388000,0.02766806145369981747611880646,0.03149975,3.14997500,25
389000,0.02757829134174508250221612802,0.03149974,3.14997400,25
390000,0.02757829134174508250221612802,0.03149973,3.14997300,25
391000,0.02757829134174508250221612802,0.03149972,3.14997200,25
392000,0.02755331963749816968345370454,0.03149971,3.14997100,25
393000,0.01921577582727760636458676350,0.03149970,3.14997000,25
394000,0.01818322284890693030462426704,0.03149969,3.14996900,25
395000,0.02552845255872994187195356758,0.03149968,3.14996800,25
396000,0.02552845255872994187195356758,0.03149967,3.14996700,25
397000,0.02607325903792220938315798784,0.03149966,3.14996600,25
398000,0.02558895424835102010571284989,0.03149965,3.14996500,25
399000,0.02541144255872366405374022106,0.03149964,3.14996400,25
400000,0.02533228186443762665809989492,0.03149963,3.14996300,25
401000,0.02531603113151528589254068954,0.03149962,3.14996200,25
402000,0.02463597898472483492080376880,0.03149961,3.14996100,25
403000,0.02460001727995580902016610273,0.03149960,3.14996000,25
404000,0.02458696120671874795848641305,0.03149959,3.14995900,25
405000,0.01786134533273241205636114958,0.03149958,3.14995800,25
406000,0.01775230475445735986272146076,0.03149957,3.14995700,25
407000,0.01800709529662622156191696812,0.03149956,3.14995600,25
408000,0.01784953380717565548176791656,0.03149955,3.14995500,25
409000,0.01779574262652816443522712792,0.03149954,3.14995400,25
410000,0.02392398734889542043046770063,0.03149953,3.14995300,25
411000,0.01813617564077809617083469754,0.03149952,3.14995200,25
412000,0.01800360013260453304186846023,0.03149951,3.14995100,25
413000,0.01776219866185948635946902374,0.03149950,3.14995000,25
414000,0.01808334259064367679507180752,0.03149949,3.14994900,25
415000,0.01737191196182312242419295582,0.03149948,3.14994800,25
416000,0.01756540197583558867938145168,0.03149947,3.14994700,25
417000,0.01753164021163701811011971500,0.03149946,3.14994600,25
418000,0.01781459192604856042044205198,0.03149945,3.14994500,25
419000,0.01766175384281540958415435532,0.03149944,3.14994400,25
420000,0.01762464142527832337757386818,0.03149943,3.14994300,25
421000,0.01780835317134157935744241510,0.03149942,3.14994200,25
422000,0.01768729698895538146406325674,0.03149941,3.14994100,25
423000,0.01747849640470137292475177536,0.03149940,3.14994000,25
424000,0.01776017837830024015733432338,0.03149939,3.14993900,25
425000,0.01732290519753864809706035184,0.03149938,3.14993800,25
426000,0.01756914353535228541401816130,0.03149937,3.14993700,25
427000,0.01537214568466790949229948476,0.03149936,3.14993600,25
428000,0.01746090844935707161125211318,0.03149935,3.14993500,25
429000,0.01742179082244321697549309848,0.03149934,3.14993400,25
430000,0.01742179082244321697549309848,0.03149933,3.14993300,25
431000,0.01741980385705432456647987051,0.03149932,3.14993200,25
432000,0.02259474402412696075170478734,0.03149931,3.14993100,25
433000,0.02243633631571477194829897706,0.03149930,3.14993000,25
434000,0.02238401286967086069796757906,0.03149929,3.14992900,25
435000,0.01709561696150142998248296096,0.03149928,3.14992800,25
436000,0.01709363809368260590567590945,0.03149927,3.14992700,25
437000,0.01737467291534165898651550158,0.03149926,3.14992600,25
438000,0.01691305909388194645929880216,0.03149925,3.14992500,25
439000,0.01690621386259004790975393892,0.03149924,3.14992400,25
440000,0.01815806338723745599937813238,0.03149923,3.14992300,25
441000,0.01815806338723745599937813238,0.03149922,3.14992200,25
442000,0.01776586441271270262629822252,0.03149921,3.14992100,25
443000,0.01666438903729904129345729016,0.03149920,3.14992000,25
444000,0.01665468161722438154163646928,0.03149919,3.14991900,25
445000,0.01767158039570916601988877088,0.03149918,3.14991800,25
446000,0.01663404305708318525408878001,0.03149917,3.14991700,25
447000,0.01656874862821510680202904405,0.03149916,3.14991600,25
448000,0.01647311458460434338950407054,0.03149915,3.14991500,25
449000,0.01646249521170876708345830122,0.03149914,3.14991400,25
450000,0.01646053351964082394874863404,0.03149913,3.14991300,25
451000,0.01644044552223730922764167400,0.03149912,3.14991200,25
452000,0.01882961661674477217433390677,0.03149911,3.14991100,25
453000,0.01882961661674477217433390677,0.03149910,3.14991000,25
454000,0.01621982215036346568034084530,0.03149909,3.14990900,25
455000,0.01653949153544355152053352636,0.03149908,3.14990800,25
456000,0.01640294288484958578107590904,0.03149907,3.14990700,25
457000,0.01620751926781323065374856260,0.03149906,3.14990600,25
458000,0.01619523503481365371593360054,0.03149905,3.14990500,25
459000,0.01604022944456241644779079806,0.03149904,3.14990400,25
460000,0.01780998991357751130139744171,0.03149903,3.14990300,25
461000,0.01582325499782936646734740176,0.03149902,3.14990200,25
462000,0.01792764697589935158629527073,0.03149901,3.14990100,25
463000,0.01483319441698049224225802076,0.03149900,3.14990000,25
464000,0.01763128636098760093867757846,0.03149899,3.14989900,25
465000,0.01561927513492077910012676722,0.03149898,3.14989800,25
466000,0.01763367275562379825939137062,0.03149897,3.14989700,25
467000,0.01545597038105216514718529152,0.03149896,3.14989600,25
468000,0.01489325496742682397035857008,0.03149895,3.14989500,25
469000,0.01471721284253808751082080480,0.03149894,3.14989400,25
470000,0.01740707277677037478173186454,0.03149893,3.14989300,25
471000,0.01474324997614037035042644332,0.03149892,3.14989200,25
472000,0.01473481299384392398254680456,0.03149891,3.14989100,25
473000,0.01473325656629742492126627646,0.03149890,3.14989000,25
474000,0.01475823447436349910711514345,0.03149889,3.14988900,25
475000,0.01519059479043156218742592346,0.03149888,3.14988800,25
476000,0.01471666839994167434865696640,0.03149887,3.14988700,25
477000,0.01603371232236128709989441376,0.03149886,3.14988600,25
478000,0.01510515235328369353998051916,0.03149885,3.14988500,25
479000,0.01658646336993639363529028882,0.03149884,3.14988400,25
480000,0.01458221159615955490096322078,0.03149883,3.14988300,25
481000,0.01457201987007782532250887570,0.03149882,3.14988200,25
482000,0.01437490830611455939771055854,0.03149881,3.14988100,25
483000,0.01446424486426919533521596785,0.03149880,3.14988000,25
484000,0.01458949460228797393766465553,0.03149879,3.14987900,25
485000,0.01469502801443916524130984270,0.03149878,3.14987800,25
486000,0.01449117457443395310791375244,0.03149877,3.14987700,25
487000,0.01433779364192311661456264502,0.03149876,3.14987600,25
488000,0.01432808592306416141364443776,0.03149875,3.14987500,25
489000,0.01601183359890812915331618662,0.03149874,3.14987400,25
490000,0.01578890864106392985868098736,0.03149873,3.14987300,25
491000,0.01565103144101887334964288547,0.03149872,3.14987200,25
492000,0.01277942635794173895265802241,0.03149871,3.14987100,25
493000,0.01275445634811171955147632868,0.03149870,3.14987000,25
494000,0.01263456513017863411682755635,0.03149869,3.14986900,25
495000,0.01392487663954395074128085459,0.03149868,3.14986800,25
496000,0.01587073592795372308197715312,0.03149867,3.14986700,25
497000,0.01461259181868692763634514138,0.03149866,3.14986600,25
498000,0.01362896502800238539730384934,0.03149865,3.14986500,25
499000,0.01360577886302709316456215876,0.03149864,3.14986400,25
500000,0.01283945292094587181718835025,0.03149863,3.14986300,25
501000,0.01326212606867467717497598770,0.03149862,3.14986200,25
502000,0.01284249132622098544291191461,0.03149861,3.14986100,25
503000,0.01305003070629548370661263678,0.03149860,3.14986000,25
504000,0.01306460247903427463917457264,0.03149859,3.14985900,25
505000,0.01307969630389841795069542584,0.03149858,3.14985800,25
506000,0.01426830388663114280808012122,0.03149857,3.14985700,25
507000,0.01312337389336701938212869113,0.03149856,3.14985600,25
508000,0.01290379003081660486544082467,0.03149855,3.14985500,25
509000,0.01307143387772121647640188544,0.03149854,3.14985400,25
510000,0.01290050072423536350515318880,0.03149853,3.14985300,25
511000,0.01292033049666363564664237744,0.03149852,3.14985200,25
512000,0.01300963029850216975627576608,0.03149851,3.14985100,25
513000,0.01296362180433777342310623959,0.03149850,3.14985000,25
514000,0.01280323466885361606455330274,0.03149849,3.14984900,25
515000,0.01296403705905054501651746805,0.03149848,3.14984800,25
516000,0.01291646637861254703163927310,0.03149847,3.14984700,25
517000,0.01290686242858713921804379998,0.03149846,3.14984600,25
518000,0.01304947534936101468218780617,0.03149845,3.14984500,25
519000,0.01299588762497135481777777441,0.03149844,3.14984400,25
520000,0.01282242079338620101588125798,0.03149843,3.14984300,25
521000,0.01263865241366620218097427866,0.03149842,3.14984200,25
522000,0.01270104592784433517123362638,0.03149841,3.14984100,25
523000,0.01257921389060190780859187700,0.03149840,3.14984000,25
524000,0.01270318094780537487517683418,0.03149839,3.14983900,25
525000,0.01240405180537195862996169727,0.03149838,3.14983800,25
526000,0.01239056790949738073406395019,0.03149837,3.14983700,25
527000,0.01234845595275804434977824824,0.03149836,3.14983600,25
528000,0.01232759075831491397957084709,0.03149835,3.14983500,25
529000,0.01234497144489613905800700550,0.03149834,3.14983400,25
530000,0.01249183311562842379837980656,0.03149833,3.14983300,25
531000,0.01126385494705689186502747470,0.03149832,3.14983200,25
532000,0.01277430242210904175896137085,0.03149831,3.14983100,25
533000,0.01290022726707068343118400024,0.03149830,3.14983000,25
534000,0.01175756272628122548326786406,0.03149829,3.14982900,25
535000,0.01229752888236094042465170920,0.03149828,3.14982800,25
536000,0.01220375050567197976789228244,0.03149827,3.14982700,25
537000,0.01071673193212779130067197236,0.03149826,3.14982600,25
538000,0.01023119153368036908676030500,0.03149825,3.14982500,25
539000,0.01001794973095333386097062144,0.03149824,3.14982400,25
540000,0.009613935914794952502443919085,0.03149823,3.14982300,25
541000,0.00977020962836214474974507499,0.03149822,3.14982200,25
542000,0.00986105662801188652221231876,0.03149821,3.14982100,25
543000,0.009615687852399614942805884845,0.03149820,3.14982000,25
544000,0.00958733565978594360235381117,0.03149819,3.14981900,25
545000,0.009520042798444291201242233125,0.03149818,3.14981800,25
546000,0.01045745315417534407625689259,0.03149817,3.14981700,25
547000,0.01045745315417534407625689259,0.03149816,3.14981600,25
548000,0.01037646500143170444616275086,0.03149815,3.14981500,25
549000,0.009490901685599861113714152015,0.03149814,3.14981400,25
550000,0.01052435928667244585843499063,0.03149813,3.14981300,25
551000,0.01039794258290695545656552451,0.03149812,3.14981200,25
552000,0.01056616521688267842615300477,0.03149811,3.14981100,25
553000,0.01046142035468603543469945914,0.03149810,3.14981000,25
554000,0.01054100819821805287710399018,0.03149809,3.14980900,25
555000,0.01039287413174305095146650906,0.03149808,3.14980800,25
556000,0.01062410220191214910438576925,0.03149807,3.14980700,25
557000,0.01084151413340045035671889274,0.03149806,3.14980600,25
558000,0.01095684658884599501424226170,0.03149805,3.14980500,25
559000,0.01056616053045833375587413010,0.03149804,3.14980400,25
560000,0.01053914815111697773836600296,0.03149803,3.14980300,25
561000,0.01070441006558708358456093736,0.03149802,3.14980200,25
562000,0.01077968853586403106535587362,0.03149801,3.14980100,25
563000,0.01053627086411136301396656348,0.03149800,3.14980000,25
564000,0.01067246886988295065065305501,0.03149799,3.14979900,25
565000,0.01086270620076477248689910218,0.03149798,3.14979800,25
566000,0.01085101015476302009489673846,0.03149797,3.14979700,25
567000,0.01073634403122235876339340004,0.03149796,3.14979600,25
568000,0.01073634403122235876339340004,0.03149795,3.14979500,25
569000,0.01115489080310219482820319794,0.03149794,3.14979400,25
570000,0.01110260698045700218413755206,0.03149793,3.14979300,25
571000,0.01094414963187668032298736306,0.03149792,3.14979200,25
572000,0.01115999612932542135648775358,0.03149791,3.14979100,25
573000,0.01080588415310855137993464819,0.03149790,3.14979000,25
574000,0.01092747085867173040560733480,0.03149789,3.14978900,25
575000,0.01109616188127727851805348049,0.03149788,3.14978800,25
576000,0.01081278626459658351768440747,0.03149787,3.14978700,25
577000,0.01084226494592494183046287881,0.03149786,3.14978600,25
578000,0.01104749969069447017957177686,0.03149785,3.14978500,25
579000,0.01095568774580579956611381644,0.03149784,3.14978400,25
580000,0.01096381012414548966870614230,0.03149783,3.14978300,25
581000,0.01081635770924633354435903426,0.03149782,3.14978200,25
582000,0.01090548365415223706104962304,0.03149781,3.14978100,25
583000,0.01097328660588645452443530782,0.03149780,3.14978000,25
584000,0.01080657284625160531694934654,0.03149779,3.14977900,25
585000,0.01085265926877439940652167583,0.03149778,3.14977800,25
586000,0.01080134389447316144755812989,0.03149777,3.14977700,25
587000,0.01071145137934439866136191150,0.03149776,3.14977600,25
588000,0.01076005219667182952207959516,0.03149775,3.14977500,25
589000,0.01088823952991200428058960913,0.03149774,3.14977400,25
590000,0.01097886015957680752864020280,0.03149773,3.14977300,25
591000,0.01082387568356849561476477602,0.03149772,3.14977200,25
592000,0.01072549321516811022483745906,0.03149771,3.14977100,25
593000,0.01068329753337509933718109432,0.03149770,3.14977000,25
594000,0.01065179932036019516004747782,0.03149769,3.14976900,25
595000,0.01059360685964877476984017642,0.03149768,3.14976800,25
596000,0.01084993002315064267409882886,0.03149767,3.14976700,25
597000,0.01076191691386481263971050016,0.03149766,3.14976600,25
598000,0.01079222065655622812465004258,0.03149765,3.14976500,25
599000,0.01047122202813785244367329067,0.03149764,3.14976400,25
600000,0.01090164593525069116024125094,0.03149763,3.14976300,25
601000,0.01075093907762704300271224930,0.03149762,3.14976200,25
602000,0.01041437202672718845274020630,0.03149761,3.14976100,25
603000,0.008839767589638847241453397955,0.03149760,3.14976000,25
604000,0.00888105595789075940873989333,0.03149759,3.14975900,25
605000,0.00887309893159788039629662982,0.03149758,3.14975800,25
606000,0.01060393093688877842903327490,0.03149757,3.14975700,25
607000,0.01079461494861820598388819136,0.03149756,3.14975600,25
608000,0.00873841650145709207024035182,0.03149755,3.14975500,25
609000,0.008631130970537431122539572255,0.03149754,3.14975400,25
610000,0.00877135096393768704990894758,0.03149753,3.14975300,25
611000,0.008746656327727291947758966735,0.03149752,3.14975200,25
612000,0.008782008905254114705948067105,0.03149751,3.14975100,25
613000,0.008740893189497280253691370985,0.03149750,3.14975000,25
614000,0.008618887647889856852553192065,0.03149749,3.14974900,25
615000,0.008597558257729963074793078505,0.03149748,3.14974800,25
616000,0.008703084289506418593048015395,0.03149747,3.14974700,25
617000,0.008503322289016718689010189715,0.03149746,3.14974600,25
618000,0.00859746646417577428141405069,0.03149745,3.14974500,25
619000,0.00847460715724109371347026126,0.03149744,3.14974400,25
620000,0.00861112255326369206750723606,0.03149743,3.14974300,25
621000,0.00845544836508034312231221699,0.03149742,3.14974200,25
622000,0.00852827874564033230020296574,0.03149741,3.14974100,25
623000,0.00838270935482003572857961244,0.03149740,3.14974000,25
624000,0.008461212260733789961537448985,0.03149739,3.14973900,25
625000,0.00845046813395224705752605432,0.03149738,3.14973800,25
626000,0.00856587589563799400522853418,0.03149737,3.14973700,25
627000,0.00844395204671350039251880228,0.03149736,3.14973600,25
628000,0.00839624119457338149439921891,0.03149735,3.14973500,25
629000,0.00829008769131100655908180520,0.03149734,3.14973400,25
630000,0.00850543404504249212250043290,0.03149733,3.14973300,25
631000,0.008352584262170807948590779695,0.03149732,3.14973200,25
632000,0.00809552777810845331155425334,0.03149731,3.14973100,25
633000,0.00847597165662215598337950894,0.03149730,3.14973000,25
634000,0.00848737302584223965330828086,0.03149729,3.14972900,25
635000,0.00839562408818991522626580149,0.03149728,3.14972800,25
636000,0.00835283089935369047202687609,0.03149727,3.14972700,25
637000,0.008240067103398451288116345205,0.03149726,3.14972600,25
638000,0.00843570438851205923364023633,0.03149725,3.14972500,25
639000,0.00820786175982857198475383396,0.03149724,3.14972400,25
640000,0.008309596442669548479112360745,0.03149723,3.14972300,25
641000,0.008170291774097452267474231725,0.03149722,3.14972200,25
642000,0.00828135858539957574082800392,0.03149721,3.14972100,25
643000,0.00840079569326716538250611343,0.03149720,3.14972000,25
644000,0.00879236861950625989123641796,0.03149719,3.14971900,25
645000,0.00876134279287947314989825784,0.03149718,3.14971800,25
646000,0.00802285606106818640997552060,0.03149717,3.14971700,25
647000,0.008086963558937050924840977555,0.03149716,3.14971600,25
648000,0.00794312629077347207091256804,0.03149715,3.14971500,25
649000,0.008278230738425140644756011865,0.03149714,3.14971400,25
650000,0.008620171550370742740463319705,0.03149713,3.14971300,25
651000,0.009093232610378824605292004685,0.03149712,3.14971200,25
652000,0.008946405097317641825345935485,0.03149711,3.14971100,25
653000,0.008919034353876971122637844075,0.03149710,3.14971000,25
654000,0.00850929131258631522000891337,0.03149709,3.14970900,25
655000,0.009041784996967015077839284285,0.03149708,3.14970800,25
656000,0.00890076764236728782078390248,0.03149707,3.14970700,25
657000,0.008900690894178496930345136445,0.03149706,3.14970600,25
658000,0.008939773604130176355189492315,0.03149705,3.14970500,25
659000,0.008799628939438308303069182885,0.03149704,3.14970400,25
660000,0.00876862726783547037830945818,0.03149703,3.14970300,25
661000,0.008986133653315280929413616515,0.03149702,3.14970200,25
662000,0.00895456535403557478235203721,0.03149701,3.14970100,25
663000,0.05069518507700952502351400705,0.06590547,6.59054700,34
664000,0.05069518507700952502351400705,0.06590546,6.59054600,34
665000,0.05067162435357278435099992785,0.06590545,6.59054500,34
666000,0.05067162435357278435099992785,0.06590544,6.59054400,34
667000,0.0511441191229804592749063977,0.06590543,6.59054300,34
668000,0.05111928874010036908608980925,0.06590542,6.59054200,34
669000,0.07027088046755666698411694925,0.07082257,7.08225700,33
670000,0.0702384293508605132361832060,0.07082256,7.08225600,33
671000,0.0702384293508605132361832060,0.07082255,7.08225500,33
672000,0.0700705591104236134504446511,0.07082254,7.08225400,33
673000,0.0705567899634573414420830162,0.07082253,7.08225300,33
674000,0.07052433618243085378246463295,0.07082252,7.08225200,33
675000,0.07082250523651130198689643055,0.07082251,7.08225100,33
676000,0.07078995465281039765472422975,0.07078996,7.07899600,33
677000,0.0706968470725462338675198666,0.07069685,7.06968500,33
678000,0.07056664333547182776576628525,0.07056665,7.05666500,33
679000,0.0705385244605272482209496641,0.07053853,7.05385300,33
680000,0.0705327983018563636914139273,0.07053280,7.05328000,33
681000,0.0705062343335887256828741138,0.07050624,7.05062400,33
682000,0.06526556457502083789174961135,0.06844347,6.84434700,35
683000,0.06526556457502083789174961135,0.06844346,6.84434600,35
684000,0.0651212808595850523064553964,0.06844345,6.84434500,35
685000,0.06563705235892046204904919645,0.06844344,6.84434400,35
686000,0.06563153775122584751671271425,0.06844343,6.84434300,35
687000,0.06590521918512933983730678985,0.06844342,6.84434200,35
688000,0.06590521918512933983730678985,0.06844341,6.84434100,35
689000,0.06579079581625575840447433095,0.06844340,6.84434000,35
690000,0.0656936848141149212841077179,0.06844339,6.84433900,35
691000,0.06564001434941314879911100065,0.06844338,6.84433800,35
692000,0.06564001434941314879911100065,0.06844337,6.84433700,35
693000,0.06561049946432463370889590575,0.06844336,6.84433600,35
694000,0.06558686510734496550286907005,0.06844335,6.84433500,35
695000,0.06491141420243957052835976925,0.06844334,6.84433400,35
696000,0.06523835715552408405600787725,0.06844333,6.84433300,35
697000,0.0684433045148356746299435748,0.06844332,6.84433200,35
698000,0.0684433045148356746299435748,0.06844331,6.84433100,35
699000,0.0642502740664787885850357909,0.06425028,6.42502800,34
700000,0.0641916731109540527203954110,0.06419169,6.41916900,34
701000,0.0641916731109540527203954110,0.06419168,6.41916800,34
702000,0.06416030514528614195341678685,0.06416031,6.41603100,34
703000,0.0641381775764044348029319315,0.06413818,6.41381800,34
704000,0.06016563132177906764765613965,0.06187344,6.18734400,34
705000,0.05842606883860956164959855915,0.06187343,6.18734300,34
706000,0.05888048622566684056459156515,0.06187342,6.18734200,34
707000,0.0600534045637663469883485068,0.06187341,6.18734100,34
708000,0.05995884736666726313232916375,0.06187340,6.18734000,34
709000,0.0603650350338100885792270640,0.06187339,6.18733900,34
710000,0.0603650350338100885792270640,0.06187338,6.18733800,34
711000,0.0603361060153203730607518314,0.06187337,6.18733700,34
712000,0.06031530085824892682211553765,0.06187336,6.18733600,34
713000,0.06028641947740270969230184075,0.06187335,6.18733500,34
714000,0.06021230725302183930504377395,0.06187334,6.18733400,34
715000,0.0603498805586894957908457388,0.06187333,6.18733300,34
716000,0.0603457230490362840107320596,0.06187332,6.18733200,34
717000,0.0602498819213684152482952786,0.06187331,6.18733100,34
718000,0.05794089560259413417596206885,0.06187330,6.18733000,34
719000,0.0582214582599672499087971375,0.06187329,6.18732900,34
720000,0.05819465127136663290755980005,0.06187328,6.18732800,34
721000,0.05764177744184599885576679415,0.06187327,6.18732700,34
722000,0.05761327695603427269050722565,0.06187326,6.18732600,34
723000,0.0579135851753614657802415562,0.06187325,6.18732500,34
724000,0.0579135851753614657802415562,0.06187324,6.18732400,34
725000,0.0579992851235869889693785740,0.06187323,6.18732300,34
726000,0.06035585467278253639116011595,0.06187322,6.18732200,34
727000,0.0603261681245103158996737065,0.06187321,6.18732100,34
728000,0.0603261681245103158996737065,0.06187320,6.18732000,34
729000,0.0601826168563923729771550072,0.06187319,6.18731900,34
730000,0.06070606233792978997840521835,0.06187318,6.18731800,34
731000,0.06070606233792978997840521835,0.06187317,6.18731700,34
732000,0.0609510708863922817959926836,0.06187316,6.18731600,34
733000,0.0609510708863922817959926836,0.06187315,6.18731500,34
734000,0.06087267344388342478897232765,0.06187314,6.18731400,34
735000,0.0608516118409081261850133924,0.06187313,6.18731300,34
736000,0.06071337508583151439272402365,0.06187312,6.18731200,34
737000,0.06071337508583151439272402365,0.06187311,6.18731100,34
738000,0.0607087870565340775913054430,0.06187310,6.18731000,34
739000,0.06068376810100652922918713005,0.06187309,6.18730900,34
740000,0.06187307717595663608918336295,0.06187308,6.18730800,34
741000,0.0546278583275612315896104321,0.05462786,5.46278600,34
742000,0.04663367184575384865713650360,0.04663368,4.66336800,34
743000,0.04655971674801612928289342773,0.04655972,4.65597200,34
744000,0.03535666059881589069183776474,0.03535668,3.53566800,33
745000,0.03535666059881589069183776474,0.03535667,3.53566700,33
746000,0.01439271182537790717256200836,0.01486633,1.48663300,36
747000,0.01486631747606269486203403544,0.01486632,1.48663200,36
748000,0.01463423366150283165269733545,0.01463424,1.46342400,34
749000,0.01370325430104611289648053988,0.01445772,1.44577200,35
750000,0.01316136597331661504537016896,0.01445771,1.44577100,35
751000,0.01378894947587641659258973916,0.01445770,1.44577000,35
752000,0.01358190535512442668533504961,0.01445769,1.44576900,35
753000,0.01445767619805489456266725546,0.01445768,1.44576800,35
754000,0.01376907889041782499673403214,0.01399876,1.39987600,35
755000,0.01397573622512128263396144686,0.01399875,1.39987500,35
756000,0.01396655552930235285216123982,0.01399874,1.39987400,35
757000,0.01295889312297349511874661305,0.01399873,1.39987300,35
758000,0.01384659709254589822605350620,0.01399872,1.39987200,35
759000,0.01278002231686733781022468919,0.01399871,1.39987100,35
760000,0.01256140524490173816815122395,0.01399870,1.39987000,35
761000,0.01318211554386882245580167252,0.01399869,1.39986900,35
762000,0.01244519030789517866582862078,0.01399868,1.39986800,35
763000,0.01226549242695924521067589721,0.01399867,1.39986700,35
764000,0.01276258030694273975780194671,0.01399866,1.39986600,35
765000,0.01184541940034865005402081218,0.01399865,1.39986500,35
766000,0.01148247093845023693920326515,0.01399864,1.39986400,35
767000,0.01304779508598698110713417914,0.01399863,1.39986300,35
768000,0.01288900210642684006368615888,0.01399862,1.39986200,35
769000,0.01338877538349520107297033145,0.01399861,1.39986100,35
770000,0.01291353314580313911925521684,0.01399860,1.39986000,35
771000,0.01278235628982645956447485476,0.01399859,1.39985900,35
772000,0.01282000117684893964678482904,0.01399858,1.39985800,35
773000,0.01282000117684893964678482904,0.01399857,1.39985700,35
774000,0.01377067123330233668552233452,0.01399856,1.39985600,35
775000,0.01377067123330233668552233452,0.01399855,1.39985500,35
776000,0.01226708418455471094201109120,0.01399854,1.39985400,35
777000,0.01399852343938458655040722663,0.01399853,1.39985300,35
778000,0.01399131080442828654381453986,0.01399132,1.39913200,35
779000,0.01261827990811426282372133592,0.01359534,1.35953400,37
780000,0.01179458961157249618833424240,0.01359533,1.35953300,37
781000,0.01253934589732562066181371719,0.01359532,1.35953200,37
782000,0.01253934589732562066181371719,0.01359531,1.35953100,37
783000,0.01226536934778096797587866592,0.01359530,1.35953000,37
784000,0.01275651828959422336555811136,0.01359529,1.35952900,37
785000,0.01289057578818282554167092156,0.01359528,1.35952800,37
786000,0.01285811321308254549546429537,0.01359527,1.35952700,37
787000,0.01177190721551902693938364228,0.01359526,1.35952600,37
788000,0.01185037633626316635455315227,0.01359525,1.35952500,37
789000,0.01311150259304755070905712159,0.01359524,1.35952400,37
790000,0.01146234607227091311003379593,0.01359523,1.35952300,37
791000,0.01240788931136308964899135308,0.01359522,1.35952200,37
792000,0.01251859397428702921808627044,0.01359521,1.35952100,37
793000,0.01239803315996079636699289786,0.01359520,1.35952000,37
794000,0.01214623623816229081619454730,0.01359519,1.35951900,37
795000,0.01107172717476815083577511535,0.01359518,1.35951800,37
796000,0.01148901275481517609841163997,0.01359517,1.35951700,37
797000,0.01077658303261643954366329452,0.01359516,1.35951600,37
798000,0.01236188180993039261041396770,0.01359515,1.35951500,37
799000,0.01233543240870523373009045860,0.01359514,1.35951400,37
800000,0.01111217846063079388088731628,0.01359513,1.35951300,37
801000,0.01273673912002737117534353667,0.01359512,1.35951200,37
802000,0.01165955428981068495819513519,0.01359511,1.35951100,37
803000,0.01137619449955257695429594429,0.01359510,1.35951000,37
804000,0.01295824469904399625980399884,0.01359509,1.35950900,37
805000,0.01258323482370854262495167374,0.01359508,1.35950800,37
806000,0.01257532657802708257785736539,0.01359507,1.35950700,37
807000,0.01359505906226450721553122652,0.01359506,1.35950600,37
808000,0.01255175298312030270654019624,0.01337763,1.33776300,39
809000,0.01251680977491545523374067214,0.01337762,1.33776200,39
810000,0.01250074945080223119946268095,0.01337761,1.33776100,39
811000,0.01248082630558971765905902886,0.01337760,1.33776000,39
812000,0.01246320452942402648335316534,0.01337759,1.33775900,39
813000,0.01229026018650461006252522022,0.01337758,1.33775800,39
814000,0.01227532806621290395255018131,0.01337757,1.33775700,39
815000,0.01209674670795378572104453452,0.01337756,1.33775600,39
816000,0.01217582221257482952530835311,0.01337755,1.33775500,39
817000,0.01209215701415256988137775050,0.01337754,1.33775400,39
818000,0.01225798692106129397552171838,0.01337753,1.33775300,39
819000,0.01280252776423227775978059082,0.01337752,1.33775200,39
820000,0.01272092113254471666170491153,0.01337751,1.33775100,39
821000,0.01179886498616505357966234165,0.01337750,1.33775000,39
822000,0.01254829489765117757557064510,0.01337749,1.33774900,39
823000,0.01178333960690887456463384018,0.01337748,1.33774800,39
824000,0.01178333960690887456463384018,0.01337747,1.33774700,39
825000,0.01209538941852063529075085846,0.01337746,1.33774600,39
826000,0.01190952024220064101358825903,0.01337745,1.33774500,39
827000,0.01190588169645759903929299892,0.01337744,1.33774400,39
828000,0.01206543599251332459879805228,0.01337743,1.33774300,39
829000,0.01204809076192977855788118238,0.01337742,1.33774200,39
830000,0.01197364836209807403476568030,0.01337741,1.33774100,39
831000,0.01212620098301918279969515793,0.01337740,1.33774000,39
832000,0.01220304844593947257706966666,0.01337739,1.33773900,39
833000,0.01198879715276777128431001756,0.01337738,1.33773800,39
834000,0.01184836963192389154927519470,0.01337737,1.33773700,39
835000,0.01184845788987571710454954520,0.01337736,1.33773600,39
836000,0.01195158327232229741646828118,0.01337735,1.33773500,39
837000,0.01184467235998186382607900954,0.01337734,1.33773400,39
838000,0.01246234783907133863386695253,0.01337733,1.33773300,39
839000,0.01079177827383774540063686104,0.01337732,1.33773200,39
840000,0.01196358499279976897854526067,0.01337731,1.33773100,39
841000,0.01203490572405677583866165326,0.01337730,1.33773000,39
842000,0.01139852354817119605608797648,0.01337729,1.33772900,39
843000,0.01184009101510219928454577965,0.01337728,1.33772800,39
844000,0.01203381523334123565192471642,0.01337727,1.33772700,39
845000,0.01203381523334123565192471642,0.01337726,1.33772600,39
846000,0.01207971930338765985338305172,0.01337725,1.33772500,39
847000,0.01201029110032331665113496257,0.01337724,1.33772400,39
848000,0.01201029110032331665113496257,0.01337723,1.33772300,39
849000,0.01162107164784621959248555572,0.01337722,1.33772200,39
850000,0.01136757263066872589269549932,0.01337721,1.33772100,39
851000,0.01126147936516060921218484996,0.01337720,1.33772000,39
852000,0.01132630209386930114400596068,0.01337719,1.33771900,39
853000,0.01189729834511319089015760007,0.01337718,1.33771800,39
854000,0.01189729834511319089015760007,0.01337717,1.33771700,39
855000,0.01185856359724731513739918589,0.01337716,1.33771600,39
856000,0.01114410900467030399177245708,0.01337715,1.33771500,39
857000,0.01162711244062032510672714314,0.01341236,1.34123600,40
858000,0.01161932830841599758683913885,0.01341235,1.34123500,40
859000,0.01187883163337991437143734930,0.01341234,1.34123400,40
860000,0.01187883163337991437143734930,0.01341233,1.34123300,40
861000,0.01187883163337991437143734930,0.01341232,1.34123200,40
862000,0.01160958333082358474230870968,0.01341231,1.34123100,40
863000,0.01153762611419226970627708384,0.01341230,1.34123000,40
864000,0.01141633986863806474386111635,0.01341229,1.34122900,40
865000,0.01136308201962489867776342613,0.01341228,1.34122800,40
866000,0.01198554409039262074135112422,0.01341227,1.34122700,40
867000,0.01198554409039262074135112422,0.01341226,1.34122600,40
868000,0.01149303976874084418731765852,0.01341225,1.34122500,40
869000,0.01124351608062939162540960422,0.01341224,1.34122400,40
870000,0.01141185743633668497435752715,0.01341223,1.34122300,40
871000,0.01061793680853140502663059141,0.01341222,1.34122200,40
872000,0.01038218200134689088618533708,0.01341221,1.34122100,40
873000,0.01146972072837096586429148926,0.01341220,1.34122000,40
874000,0.01146209825202289470656555158,0.01341219,1.34121900,40
875000,0.01145558079902060118407944549,0.01341218,1.34121800,40
876000,0.01129733641358739524016185805,0.01341217,1.34121700,40
877000,0.01127444951261775990249397536,0.01341216,1.34121600,40
878000,0.01308601940015698479554934866,0.01341215,1.34121500,40
879000,0.01321457713677239055943848803,0.01341214,1.34121400,40
880000,0.01341212968719275794384156678,0.01341213,1.34121300,40
881000,0.01332263288523403304634691786,0.01337690,1.33769000,39
882000,0.01332263288523403304634691786,0.01337689,1.33768900,39
883000,0.01034882142363167761700526595,0.01337688,1.33768800,39
884000,0.01113710273878857560342351151,0.01337687,1.33768700,39
885000,0.01086836812726423244129884980,0.01337686,1.33768600,39
886000,0.01092273664156500322707477338,0.01337685,1.33768500,39
887000,0.01210445226058366587232339742,0.01337684,1.33768400,39
888000,0.01092859790319183149130185368,0.01337683,1.33768300,39
889000,0.01110675515706665808258262474,0.01337682,1.33768200,39
890000,0.01319703522433461513554394382,0.01337681,1.33768100,39
891000,0.01337679879741298324510279772,0.01337680,1.33768000,39
892000,0.01324554893685285559567545664,0.01324555,1.32455500,39
893000,0.01100484058490050856223639222,0.01302220,1.30222000,40
894000,0.01055455709059036097343340362,0.01302219,1.30221900,40
895000,0.01064651748303788395278989834,0.01302218,1.30221800,40
896000,0.01061215666331510144107763754,0.01302217,1.30221700,40
897000,0.01095364298231935137409626860,0.01302216,1.30221600,40
898000,0.01033262561493256542022787890,0.01302215,1.30221500,40
899000,0.01113324678197692435121371496,0.01302214,1.30221400,40
900000,0.01083567305699927729544836630,0.01302213,1.30221300,40
901000,0.01099018565835039639273898080,0.01302212,1.30221200,40
902000,0.01098828631132282219579645939,0.01302211,1.30221100,40
903000,0.01296451502210397384415620862,0.01302210,1.30221000,40
904000,0.01092532871890195736144266564,0.01302209,1.30220900,40
905000,0.01103651396578022470932619134,0.01302208,1.30220800,40
906000,0.01103651396578022470932619134,0.01302207,1.30220700,40
907000,0.01081306761359869794005830164,0.01302206,1.30220600,40
908000,0.01282575666462078437609228666,0.01302205,1.30220500,40
909000,0.01302203066882952483995640458,0.01302204,1.30220400,40
910000,0.01289252129040913410833312336,0.01291097,1.29109700,39
911000,0.01069049669473416413518779683,0.01291096,1.29109600,39
912000,0.01052759748064409492453170257,0.01291095,1.29109500,39
913000,0.01046566732763528521566147290,0.01291094,1.29109400,39
914000,0.01030859796247396693534166497,0.01291093,1.29109300,39
915000,0.01030141502463550136245498852,0.01291092,1.29109200,39
916000,0.01082633021758321960670146759,0.01291091,1.29109100,39
917000,0.01085883458071206022541595901,0.01291090,1.29109000,39
918000,0.01053111452023598092387837138,0.01291089,1.29108900,39
919000,0.01086651654812509255644686612,0.01291088,1.29108800,39
920000,0.01062499212518230319662718564,0.01291087,1.29108700,39
921000,0.01069230657920213595126549798,0.01291086,1.29108600,39
922000,0.01102238092259838677612813676,0.01291085,1.29108500,39
923000,0.01093976967388697882031217660,0.01291084,1.29108400,39
924000,0.01106444448707832204115546706,0.01291083,1.29108300,39
925000,0.01102395127439629991074016772,0.01291082,1.29108200,39
926000,0.01097891779418574125874920084,0.01291081,1.29108100,39
927000,0.01097891779418574125874920084,0.01291080,1.29108000,39
928000,0.01097848381274980811195013738,0.01291079,1.29107900,39
929000,0.01082888450830989843782049348,0.01291078,1.29107800,39
930000,0.01291076044443055690638272898,0.01291077,1.29107700,39
931000,0.01056103596419123858760609774,0.01275505,1.27550500,40
932000,0.01055197143757708075183093630,0.01275504,1.27550400,40
933000,0.01084055154192450941025226412,0.01275503,1.27550300,40
934000,0.01274273435888711363165915724,0.01275502,1.27550200,40
935000,0.01257770843304418844198184168,0.01275501,1.27550100,40
936000,0.01121000451014793699122698740,0.01275500,1.27550000,40
937000,0.01233091585020283666960924875,0.01275499,1.27549900,40
938000,0.01228395263499820538418963606,0.01275498,1.27549800,40
939000,0.01047959398923964801035832752,0.01275497,1.27549700,40
940000,0.01095099603616925990360951518,0.01275496,1.27549600,40
941000,0.01095099603616925990360951518,0.01275495,1.27549500,40
942000,0.01044215135611292955416961858,0.01275494,1.27549400,40
943000,0.01049460330872886443127112484,0.01275493,1.27549300,40
944000,0.01089875681074395255242231666,0.01275492,1.27549200,40
945000,0.01060026691875426544491533782,0.01275491,1.27549100,40
946000,0.01091154141177291916676123488,0.01275490,1.27549000,40
947000,0.01091154141177291916676123488,0.01275489,1.27548900,40
948000,0.01051184381893561653996868227,0.01275488,1.27548800,40
949000,0.01059808293447437598578514600,0.01275487,1.27548700,40
950000,0.01058722987233869282834884989,0.01275486,1.27548600,40
951000,0.01075948211933776299874776274,0.01275485,1.27548500,40
952000,0.01075948211933776299874776274,0.01275484,1.27548400,40
953000,0.01043646527147448128821262846,0.01275483,1.27548300,40
954000,0.01072077540773367173481668504,0.01275482,1.27548200,40
955000,0.01189637962065977166363906465,0.01275481,1.27548100,40
956000,0.01275479854772660244025215234,0.01275480,1.27548000,40
957000,0.01274237027886771632365536592,0.01274238,1.27423800,40
958000,0.01258974994536686214006412127,0.01258975,1.25897500,40
959000,0.01078242337666018545925291373,0.01097598,1.09759800,39
960000,0.01067741409362525428163454789,0.01097597,1.09759700,39
961000,0.01097595900863132166885729226,0.01097596,1.09759600,39
962000,0.01093238883813690666265462776,0.01093239,1.09323900,39
963000,0.01087851327658060306201702788,0.01087852,1.08785200,39
964000,0.01028002880908201655348637620,0.01056759,1.05675900,40
965000,0.01042006198008271788752847411,0.01056758,1.05675800,40
966000,0.01020257756167974469192690450,0.01056757,1.05675700,40
967000,0.01014516737853120728413068800,0.01056756,1.05675600,40
968000,0.00999477809806475142958116204,0.01056755,1.05675500,40
969000,0.01019379399901435641820867810,0.01056754,1.05675400,40
970000,0.01013736941746878217983942482,0.01056753,1.05675300,40
971000,0.01019724325454307958831595462,0.01056752,1.05675200,40
972000,0.01004067247274854261712188180,0.01056751,1.05675100,40
973000,0.01006753274504227422629169022,0.01056750,1.05675000,40
974000,0.01036859323222509880942322026,0.01056749,1.05674900,40
975000,0.01013715202041688989200192579,0.01056748,1.05674800,40
976000,0.01002526407831969534683160071,0.01056747,1.05674700,40
977000,0.01005141272402546978640305052,0.01056746,1.05674600,40
978000,0.01011610914664591070362303630,0.01056745,1.05674500,40
979000,0.009981094932185947900014388585,0.01056744,1.05674400,40
980000,0.009823734933468494493230835415,0.01056743,1.05674300,40
981000,0.01017240973849988554866276120,0.01056742,1.05674200,40
982000,0.009993112805105945806468505625,0.01056741,1.05674100,40
983000,0.009993112805105945806468505625,0.01056740,1.05674000,40
984000,0.009877493820843052575909531245,0.01056739,1.05673900,40
985000,0.009897904956063355362204330775,0.01056738,1.05673800,40
986000,0.00990342255803581650687899682,0.01056737,1.05673700,40
987000,0.00963444489749417507837941737,0.01056736,1.05673600,40
988000,0.01003369532638499639922204926,0.01056735,1.05673500,40
989000,0.01044666215627481116094460452,0.01056734,1.05673400,40
990000,0.01028421869452065983064474388,0.01056733,1.05673300,40
991000,0.01004950805419073917336391430,0.01056732,1.05673200,40
992000,0.01022939212109325712211789198,0.01056731,1.05673100,40
993000,0.01032159459331606828011110740,0.01056730,1.05673000,40
994000,0.01042824670989451055846604000,0.01056729,1.05672900,40
995000,0.01039270108594336846564611719,0.01056728,1.05672800,40
996000,0.01032409390145040430081843442,0.01056727,1.05672700,40
997000,0.01056725506564441772721816143,0.01056726,1.05672600,40
998000,0.01050987613643636736877504452,0.01050988,1.05098800,40
999000,0.01016025876913376924110625098,0.01016026,1.01602600,40
1000000,0.009960688630647926819746365445,0.00996069,0.99606900,40
