price_change_percent,first_sampled_budget_rub,last_sampled_budget_rub,samples,main_instruments,main_tickers,control_min_instruments,control_max_instruments,drift_start_percent,drift_end_percent,drift_min_percent,drift_max_percent,budget_of_max_rub,increases_within_main_segment,increases_with_both_compositions_unchanged
-10.00,50000,50000,1,4,GAZP;LKOH;SBER;YDEX,3,3,14.36948593133867250845823714,14.36948593133867250845823714,14.36948593133867250845823714,14.36948593133867250845823714,50000,0,0
-10.00,51000,61000,11,5,GAZP;LKOH;SBER;TATN;YDEX,4,5,11.72961529274577116745492032,1.159455249707360805426637655,0.9329146699577271667770155350,12.75298916527906978024024122,52000,3,3
-10.00,62000,64000,3,6,GAZP;LKOH;SBER;T;TATN;YDEX,5,6,8.900792733101035870654585160,0.8028731079695815244084228730,0.8028731079695815244084228730,8.900792733101035870654585160,62000,0,0
-10.00,65000,72000,8,7,GAZP;LKOH;NVTK;SBER;T;TATN;YDEX,7,7,5.586648505095985043513096285,1.269023204078090828247534190,0.8637009693196684395786536390,5.586648505095985043513096285,65000,2,2
-10.00,73000,102000,30,8,GAZP;GMKN;LKOH;NVTK;SBER;T;TATN;YDEX,7,8,5.844850747115776469136840435,0.9007523520217561121249699790,0.8065050050190266267210828820,5.844850747115776469136840435,73000,14,14
-10.00,103000,105000,3,9,GAZP;GMKN;LKOH;NVTK;OZON;SBER;T;TATN;YDEX,8,9,5.260473589632934957255109675,0.9512220400801231519724426525,0.7516179198368289382865820905,5.260473589632934957255109675,103000,1,1
-10.00,106000,118000,13,10,GAZP;GMKN;LKOH;NVTK;OZON;ROSN;SBER;T;TATN;YDEX,9,10,4.174512930557022481317090390,3.212227747819735219052024504,0.7985184892903863218295544210,4.174512930557022481317090390,106000,7,7
-10.00,119000,126000,8,11,GAZP;GMKN;LKOH;NVTK;OZON;ROSN;SBER;T;TATN;X5;YDEX,10,11,4.280498464104446494585420140,0.7734281821265411823757081595,0.7734281821265411823757081595,4.280498464104446494585420140,119000,1,1
-10.00,127000,129000,3,12,GAZP;GMKN;LKOH;NVTK;OZON;ROSN;SBER;T;TATN;VTBR;X5;YDEX,11,12,3.184459947696848939126122806,1.228862497827880442169621991,1.228862497827880442169621991,3.184459947696848939126122806,127000,0,0
-10.00,130000,147000,18,13,GAZP;GMKN;LKOH;NVTK;OZON;ROSN;SBER;SBERP;T;TATN;VTBR;X5;YDEX,12,13,2.908080824207265170924191378,0.9271547590196356200085403630,0.6676448191481740696149317495,2.908080824207265170924191378,130000,11,11
-10.00,148000,150000,3,14,GAZP;GMKN;LKOH;NVTK;OZON;PLZL;ROSN;SBER;SBERP;T;TATN;VTBR;X5;YDEX,13,13,2.402079292147011314764403408,2.383817912493996978440741462,2.383817912493996978440741462,2.402079292147011314764403408,148000,0,0
-10.00,151000,180000,30,15,GAZP;GMKN;LKOH;NVTK;OZON;PLZL;ROSN;SBER;SBERP;SNGSP;T;TATN;VTBR;X5;YDEX,14,15,2.453619171631494589004391356,1.221140627277761732701190994,0.6727303192068940485871044125,2.453619171631494589004391356,151000,14,14
-10.00,181000,242000,62,16,GAZP;GMKN;LKOH;NVTK;OZON;PLZL;ROSN;SBER;SBERP;SNGS;SNGSP;T;TATN;VTBR;X5;YDEX,15,16,2.467561300492069040419952210,0.7355957690139610060068711285,0.6307069620503837332326321035,2.467561300492069040419952210,181000,29,29
-10.00,243000,248000,6,17,GAZP;GMKN;LKOH;NVTK;OZON;PLZL;ROSN;SBER;SBERP;SNGS;SNGSP;T;TATN;TATNP;VTBR;X5;YDEX,16,17,1.357515092390186591890428655,0.8392443925736402224586858140,0.8043459214300197192583930695,1.578257692276562964649377458,244000,2,2
-10.00,249000,270000,22,18,GAZP;GMKN;HEAD;LKOH;NVTK;OZON;PLZL;ROSN;SBER;SBERP;SNGS;SNGSP;T;TATN;TATNP;VTBR;X5;YDEX,17,18,1.005295275628773910154958718,1.596114938832729393004324308,0.6183836923200292506499360065,1.596114938832729393004324308,270000,14,14
-10.00,271000,306000,36,19,GAZP;GMKN;HEAD;LKOH;MOEX;NVTK;OZON;PLZL;ROSN;SBER;SBERP;SNGS;SNGSP;T;TATN;TATNP;VTBR;X5;YDEX,18,19,1.653917445905133569273322905,0.6180408422113619375063695505,0.5770109504324993249064908375,1.782777531270937992043554088,272000,15,15
-10.00,307000,314000,8,20,GAZP;GMKN;HEAD;LKOH;MOEX;MTSS;NVTK;OZON;PLZL;ROSN;SBER;SBERP;SNGS;SNGSP;T;TATN;TATNP;VTBR;X5;YDEX,19,20,1.009584530022093741924991578,0.6355815238471818265140124040,0.6149798716146547191084667125,1.075041715833046053070990732,308000,3,3
-10.00,315000,350000,36,21,GAZP;GMKN;HEAD;IRAO;LKOH;MOEX;MTSS;NVTK;OZON;PLZL;ROSN;SBER;SBERP;SNGS;SNGSP;T;TATN;TATNP;VTBR;X5;YDEX,20,21,1.082312366617403064261029907,0.8804719357318281352865403240,0.5574520864232561268406069760,1.285369834782591206382448530,334000,19,19
-10.00,351000,375000,25,22,CHMF;GAZP;GMKN;HEAD;IRAO;LKOH;MOEX;MTSS;NVTK;OZON;PLZL;ROSN;SBER;SBERP;SNGS;SNGSP;T;TATN;TATNP;VTBR;X5;YDEX,21,22,1.106151396553488570280434337,0.6085835274605987742912969890,0.5721864201323150560924953105,1.484529306501403996325593500,352000,12,11
-10.00,376000,381000,6,23,CBOM;CHMF;GAZP;GMKN;HEAD;IRAO;LKOH;MOEX;MTSS;NVTK;OZON;PLZL;ROSN;SBER;SBERP;SNGS;SNGSP;T;TATN;TATNP;VTBR;X5;YDEX,22,22,0.8978488391300718098978128665,1.131446996968524704282692904,0.8605160815913531793824921760,1.131446996968524704282692904,381000,2,2
-10.00,382000,394000,13,24,CBOM;CHMF;GAZP;GMKN;HEAD;IRAO;LKOH;MOEX;MTSS;NVTK;OZON;PLZL;ROSN;RUAL;SBER;SBERP;SNGS;SNGSP;T;TATN;TATNP;VTBR;X5;YDEX,22,24,1.743416351539809372106133662,0.5350394697321599280242355505,0.5350394697321599280242355505,1.743416351539809372106133662,382000,4,4
-10.00,395000,612000,218,25,CBOM;CHMF;GAZP;GMKN;HEAD;IRAO;LKOH;MOEX;MTSS;NLMK;NVTK;OZON;PLZL;ROSN;RUAL;SBER;SBERP;SNGS;SNGSP;T;TATN;TATNP;VTBR;X5;YDEX,24,25,0.9129289261206645700850183850,0.5502644728813021332592019075,0.4762081571496416577402791952,1.392322290045175875749453696,405000,111,110
-10.00,613000,619000,7,28,CBOM;CHMF;DOMRF;GAZP;GMKN;HEAD;IRAO;LKOH;MOEX;MTSS;NLMK;NVTK;OZON;PHOR;PLZL;ROSN;RUAL;SBER;SBERP;SNGS;SNGSP;SVCB;T;TATN;TATNP;VTBR;X5;YDEX,25,25,2.041149611798607719544410538,2.032350479320497635742788700,2.032350479320497635742788700,2.041149611798607719544410538,613000,0,0
-10.00,620000,621000,2,29,CBOM;CHMF;DOMRF;GAZP;GMKN;HEAD;IRAO;LKOH;MOEX;MTSS;NLMK;NVTK;OZON;PHOR;PLZL;ROSN;RUAL;SBER;SBERP;SNGS;SNGSP;SVCB;T;TATN;TATNP;TRNFP;VTBR;X5;YDEX,25,25,2.475315434246913708603656934,2.474119416482513900564821832,2.474119416482513900564821832,2.475315434246913708603656934,620000,0,0
-10.00,622000,662000,41,30,CBOM;CHMF;DOMRF;GAZP;GMKN;HEAD;IRAO;LKOH;MAGN;MOEX;MTSS;NLMK;NVTK;OZON;PHOR;PLZL;ROSN;RUAL;SBER;SBERP;SNGS;SNGSP;SVCB;T;TATN;TATNP;TRNFP;VTBR;X5;YDEX,28,30,1.052942220922579189972750223,0.5338211638539154823298285070,0.5338211638539154823298285070,1.078561329561148049997024565,625000,14,14
-10.00,663000,666000,4,31,CBOM;CHMF;DOMRF;GAZP;GMKN;HEAD;IRAO;LKOH;MAGN;MOEX;MTSS;NLMK;NVTK;OZON;PHOR;PLZL;ROSN;RTKM;RUAL;SBER;SBERP;SNGS;SNGSP;SVCB;T;TATN;TATNP;TRNFP;VTBR;X5;YDEX,30,30,0.7130627288621697334285224550,0.7021746357739475479463555725,0.7021746357739475479463555725,0.7302776938548042324541733475,665000,1,1
-10.00,667000,688000,22,32,AFLT;CBOM;CHMF;DOMRF;GAZP;GMKN;HEAD;IRAO;LKOH;MAGN;MOEX;MTSS;NLMK;NVTK;OZON;PHOR;PLZL;ROSN;RTKM;RUAL;SBER;SBERP;SNGS;SNGSP;SVCB;T;TATN;TATNP;TRNFP;VTBR;X5;YDEX,30,32,1.129486452585204174788559740,0.5092716940553766129443839635,0.5092716940553766129443839635,1.138265486633597231216576146,670000,7,7
-10.00,689000,697000,9,33,AFLT;CBOM;CHMF;DOMRF;ENPG;GAZP;GMKN;HEAD;IRAO;LKOH;MAGN;MOEX;MTSS;NLMK;NVTK;OZON;PHOR;PLZL;ROSN;RTKM;RUAL;SBER;SBERP;SNGS;SNGSP;SVCB;T;TATN;TATNP;TRNFP;VTBR;X5;YDEX,32,32,0.7927424897049742628261496415,0.8488428660529711993285367110,0.7927424897049742628261496415,0.8513734546176819819061931325,696000,4,4
-10.00,698000,730000,33,34,AFLT;BSPB;CBOM;CHMF;DOMRF;ENPG;GAZP;GMKN;HEAD;IRAO;LKOH;MAGN;MOEX;MTSS;NLMK;NVTK;OZON;PHOR;PLZL;ROSN;RTKM;RUAL;SBER;SBERP;SNGS;SNGSP;SVCB;T;TATN;TATNP;TRNFP;VTBR;X5;YDEX,33,34,0.7300452124445622964369296020,0.5679983311624385643167976135,0.5042492289988241218253510210,0.8352974158636216844927836285,704000,19,19
-10.00,731000,787000,57,35,AFLT;BSPB;CBOM;CHMF;DOMRF;ENPG;GAZP;GMKN;HEAD;IRAO;LKOH;MAGN;MDMG;MOEX;MTSS;NLMK;NVTK;OZON;PHOR;PLZL;ROSN;RTKM;RUAL;SBER;SBERP;SNGS;SNGSP;SVCB;T;TATN;TATNP;TRNFP;VTBR;X5;YDEX,34,35,0.9636189105881683324817927150,0.5754130120278638670916316310,0.4759513774042023534028428474,0.9636189105881683324817927150,731000,26,26
-10.00,788000,835000,48,36,AFLT;BSPB;CBOM;CHMF;DOMRF;ENPG;FLOT;GAZP;GMKN;HEAD;IRAO;LKOH;MAGN;MDMG;MOEX;MTSS;NLMK;NVTK;OZON;PHOR;PLZL;ROSN;RTKM;RUAL;SBER;SBERP;SNGS;SNGSP;SVCB;T;TATN;TATNP;TRNFP;VTBR;X5;YDEX,35,36,0.7027371612627538060824175165,0.6257852223648027783102145215,0.4566083266491320633754629240,0.7421166278491511300858582060,796000,22,22
-10.00,836000,883000,48,37,AFLT;BSPB;CBOM;CHMF;CNRU;DOMRF;ENPG;FLOT;GAZP;GMKN;HEAD;IRAO;LKOH;MAGN;MDMG;MOEX;MTSS;NLMK;NVTK;OZON;PHOR;PLZL;ROSN;RTKM;RUAL;SBER;SBERP;SNGS;SNGSP;SVCB;T;TATN;TATNP;TRNFP;VTBR;X5;YDEX,36,37,0.8562857294028549992475358040,0.5202399395353054092053012820,0.4813369968076286398004168324,0.8562857294028549992475358040,836000,19,19
-10.00,884000,904000,21,38,AFLT;BSPB;CBOM;CHMF;CNRU;DOMRF;ENPG;FLOT;GAZP;GMKN;HEAD;IRAO;LKOH;MAGN;MDMG;MOEX;MTSS;NLMK;NVTK;OZON;PHOR;PLZL;POSI;ROSN;RTKM;RUAL;SBER;SBERP;SNGS;SNGSP;SVCB;T;TATN;TATNP;TRNFP;VTBR;X5;YDEX,37,38,0.5391755130021378689789714280,0.5481531467664170355292302965,0.5041840516424807716503353840,0.7870857890325310934277604435,891000,11,11
-10.00,905000,965000,61,39,AFLT;ALRS;BSPB;CBOM;CHMF;CNRU;DOMRF;ENPG;FLOT;GAZP;GMKN;HEAD;IRAO;LKOH;MAGN;MDMG;MOEX;MTSS;NLMK;NVTK;OZON;PHOR;PLZL;POSI;ROSN;RTKM;RUAL;SBER;SBERP;SNGS;SNGSP;SVCB;T;TATN;TATNP;TRNFP;VTBR;X5;YDEX,38,39,0.5368610819693648366850774945,0.4698968620351977409181538728,0.4426763980331135109551466208,1.075201272671802790170745703,914000,24,24
-10.00,966000,1000000,35,40,AFLT;ALRS;BSPB;CBOM;CHMF;CNRU;DOMRF;ENPG;FLOT;GAZP;GMKN;HEAD;IRAO;LKOH;MAGN;MDMG;MOEX;MTSS;NLMK;NVTK;OZON;PHOR;PLZL;POSI;ROSN;RTKM;RUAL;SBER;SBERP;SNGS;SNGSP;SVCB;T;TATN;TATNP;TRNFP;UGLD;VTBR;X5;YDEX,39,40,0.6140266292439850039492089915,0.4951027636937197877061977406,0.4172849787788489235468742636,0.6870229409242695080587436735,970000,16,16
-8.00,50000,50000,1,4,GAZP;LKOH;SBER;YDEX,4,4,6.661401956663697594311807285,6.661401956663697594311807285,6.661401956663697594311807285,6.661401956663697594311807285,50000,0,0
-8.00,51000,61000,11,5,GAZP;LKOH;SBER;TATN;YDEX,4,5,11.85111178242408865981739912,1.358617133007463965396290815,0.9329146699577271667770155350,12.75298916527906978024024122,53000,5,5
-8.00,62000,64000,3,6,GAZP;LKOH;SBER;T;TATN;YDEX,5,6,8.723567214550274653484341880,1.256946296178995934907273217,1.153814439878558343748346975,8.723567214550274653484341880,62000,1,1
-8.00,65000,72000,8,7,GAZP;LKOH;NVTK;SBER;T;TATN;YDEX,5,7,16.44163867351984043830054222,1.051795475156801169239719981,0.7634482842077066629782045980,16.44163867351984043830054222,65000,2,2
-8.00,73000,102000,30,8,GAZP;GMKN;LKOH;NVTK;SBER;T;TATN;YDEX,7,8,6.012134873731181765072776010,0.9676933822597843018629163095,0.7103832102554355599369032070,6.012134873731181765072776010,73000,12,12
-8.00,103000,105000,3,9,GAZP;GMKN;LKOH;NVTK;OZON;SBER;T;TATN;YDEX,8,9,5.365323426935043637060619300,0.8855711505276992719835254590,0.6888950671444340291702705910,5.365323426935043637060619300,103000,1,1
-8.00,106000,118000,13,10,GAZP;GMKN;LKOH;NVTK;OZON;ROSN;SBER;T;TATN;YDEX,9,10,3.960994177292493656091731337,1.210793569761627418461953436,0.7599455887125284172857962520,3.960994177292493656091731337,106000,7,7
-8.00,119000,126000,8,11,GAZP;GMKN;LKOH;NVTK;OZON;ROSN;SBER;T;TATN;X5;YDEX,10,11,2.936329717432456017844182072,3.070392459667515501696099650,1.835661037475776921244190808,3.119694088933738321111339834,125000,2,2
-8.00,127000,129000,3,12,GAZP;GMKN;LKOH;NVTK;OZON;ROSN;SBER;T;TATN;VTBR;X5;YDEX,11,12,3.250376400658316647660178896,3.041292663802390865263702196,3.041292663802390865263702196,3.250376400658316647660178896,127000,0,0
-8.00,130000,147000,18,13,GAZP;GMKN;LKOH;NVTK;OZON;ROSN;SBER;SBERP;T;TATN;VTBR;X5;YDEX,11,13,6.145135478335540933875219930,0.9432315317006554574408863980,0.6676448191481740696149317495,6.180776890178433771826889880,131000,10,10
-8.00,148000,150000,3,14,GAZP;GMKN;LKOH;NVTK;OZON;PLZL;ROSN;SBER;SBERP;T;TATN;VTBR;X5;YDEX,13,14,2.444738307691793822951966041,0.8422925714390497569403129075,0.8211722417850570853447672940,2.444738307691793822951966041,148000,1,1
-8.00,151000,180000,30,15,GAZP;GMKN;LKOH;NVTK;OZON;PLZL;ROSN;SBER;SBERP;SNGSP;T;TATN;VTBR;X5;YDEX,14,15,2.497054586075954755530181607,1.270508693709002495426281011,0.6489966506115433865950309780,2.497054586075954755530181607,151000,15,15
-8.00,181000,242000,62,16,GAZP;GMKN;LKOH;NVTK;OZON;PLZL;ROSN;SBER;SBERP;SNGS;SNGSP;T;TATN;VTBR;X5;YDEX,15,16,2.370371048952170034616578166,0.8306506276072613948109278245,0.6307069620503837332326321035,2.435635191997757758372769487,183000,29,29
-8.00,243000,248000,6,17,GAZP;GMKN;LKOH;NVTK;OZON;PLZL;ROSN;SBER;SBERP;SNGS;SNGSP;T;TATN;TATNP;VTBR;X5;YDEX,16,17,1.479982357167380681530001782,1.641893890667026052384026146,1.479982357167380681530001782,1.691240073012764044842841154,247000,2,1
-8.00,249000,270000,22,18,GAZP;GMKN;HEAD;LKOH;NVTK;OZON;PLZL;ROSN;SBER;SBERP;SNGS;SNGSP;T;TATN;TATNP;VTBR;X5;YDEX,17,18,2.485293214482976757515590678,0.7929511297980576807889348875,0.6262385460734821069299172700,2.485293214482976757515590678,249000,10,10
-8.00,271000,306000,36,19,GAZP;GMKN;HEAD;LKOH;MOEX;NVTK;OZON;PLZL;ROSN;SBER;SBERP;SNGS;SNGSP;T;TATN;TATNP;VTBR;X5;YDEX,18,19,1.228569499842486934329260762,0.5949568944552752647012862370,0.5872784163420499111051430730,2.462222664988344328888983226,274000,15,15
-8.00,307000,314000,8,20,GAZP;GMKN;HEAD;LKOH;MOEX;MTSS;NVTK;OZON;PLZL;ROSN;SBER;SBERP;SNGS;SNGSP;T;TATN;TATNP;VTBR;X5;YDEX,19,20,1.141942450658745399561414198,1.441291410040176167393273010,1.032267576014296488516446868,1.441291410040176167393273010,314000,3,2
-8.00,315000,350000,36,21,GAZP;GMKN;HEAD;IRAO;LKOH;MOEX;MTSS;NVTK;OZON;PLZL;ROSN;SBER;SBERP;SNGS;SNGSP;T;TATN;TATNP;VTBR;X5;YDEX,20,21,1.112075147861095919386892192,1.140274930086025113070293092,0.5713546444638397772092187595,1.285369834782591206382448530,342000,15,15
-8.00,351000,375000,25,22,CHMF;GAZP;GMKN;HEAD;IRAO;LKOH;MOEX;MTSS;NVTK;OZON;PLZL;ROSN;SBER;SBERP;SNGS;SNGSP;T;TATN;TATNP;VTBR;X5;YDEX,21,22,1.004279519594742554883179428,0.6070646701188442904223829135,0.5660768756841015781211627785,1.119535921055571415125424138,354000,13,13
-8.00,376000,381000,6,23,CBOM;CHMF;GAZP;GMKN;HEAD;IRAO;LKOH;MOEX;MTSS;NVTK;OZON;PLZL;ROSN;SBER;SBERP;SNGS;SNGSP;T;TATN;TATNP;VTBR;X5;YDEX,22,23,0.9250765163213907228251215775,0.9610467421766685218104297765,0.9250765163213907228251215775,1.146912131438134237617591521,379000,3,2
-8.00,382000,394000,13,24,CBOM;CHMF;GAZP;GMKN;HEAD;IRAO;LKOH;MOEX;MTSS;NVTK;OZON;PLZL;ROSN;RUAL;SBER;SBERP;SNGS;SNGSP;T;TATN;TATNP;VTBR;X5;YDEX,23,24,1.134120617501628354851016478,0.6827052807319174275132562130,0.5920370596980513869859132965,1.523473006763012929556034134,384000,6,6
-8.00,395000,632000,238,25,CBOM;CHMF;GAZP;GMKN;HEAD;IRAO;LKOH;MOEX;MTSS;NLMK;NVTK;OZON;PLZL;ROSN;RUAL;SBER;SBERP;SNGS;SNGSP;T;TATN;TATNP;VTBR;X5;YDEX,24,25,1.015122125633927936631019802,0.6513408781552587863117783200,0.4762081571496416577402791952,1.392322290045175875749453696,414000,123,123
-8.00,633000,662000,30,30,CBOM;CHMF;DOMRF;GAZP;GMKN;HEAD;IRAO;LKOH;MAGN;MOEX;MTSS;NLMK;NVTK;OZON;PHOR;PLZL;ROSN;RUAL;SBER;SBERP;SNGS;SNGSP;SVCB;T;TATN;TATNP;TRNFP;VTBR;X5;YDEX,25,30,2.983336939458176875586987591,0.7564421008913639262043471230,0.5877329520626287718888490825,2.983336939458176875586987591,633000,8,8
-8.00,663000,666000,4,31,CBOM;CHMF;DOMRF;GAZP;GMKN;HEAD;IRAO;LKOH;MAGN;MOEX;MTSS;NLMK;NVTK;OZON;PHOR;PLZL;ROSN;RTKM;RUAL;SBER;SBERP;SNGS;SNGSP;SVCB;T;TATN;TATNP;TRNFP;VTBR;X5;YDEX,30,30,0.7493554242429376437442319055,0.7390336851375415116216711025,0.7390336851375415116216711025,0.7493554242429376437442319055,663000,0,0
-8.00,667000,688000,22,32,AFLT;CBOM;CHMF;DOMRF;GAZP;GMKN;HEAD;IRAO;LKOH;MAGN;MOEX;MTSS;NLMK;NVTK;OZON;PHOR;PLZL;ROSN;RTKM;RUAL;SBER;SBERP;SNGS;SNGSP;SVCB;T;TATN;TATNP;TRNFP;VTBR;X5;YDEX,30,32,0.9803644674032163590254985175,0.6836887971155263041807159995,0.4960204373832177349525884542,1.187931199419311043821598083,673000,6,6
-8.00,689000,697000,9,33,AFLT;CBOM;CHMF;DOMRF;ENPG;GAZP;GMKN;HEAD;IRAO;LKOH;MAGN;MOEX;MTSS;NLMK;NVTK;OZON;PHOR;PLZL;ROSN;RTKM;RUAL;SBER;SBERP;SNGS;SNGSP;SVCB;T;TATN;TATNP;TRNFP;VTBR;X5;YDEX,32,33,0.8246517414201070453215960800,0.8487532291267801363309378295,0.8246517414201070453215960800,1.122297309116160326234333151,691000,2,2
-8.00,698000,730000,33,34,AFLT;BSPB;CBOM;CHMF;DOMRF;ENPG;GAZP;GMKN;HEAD;IRAO;LKOH;MAGN;MOEX;MTSS;NLMK;NVTK;OZON;PHOR;PLZL;ROSN;RTKM;RUAL;SBER;SBERP;SNGS;SNGSP;SVCB;T;TATN;TATNP;TRNFP;VTBR;X5;YDEX,33,34,0.9744245652957668779280295685,0.5694072672825579325993556125,0.5126052686490126349134241165,0.9744245652957668779280295685,698000,11,10
-8.00,731000,787000,57,35,AFLT;BSPB;CBOM;CHMF;DOMRF;ENPG;GAZP;GMKN;HEAD;IRAO;LKOH;MAGN;MDMG;MOEX;MTSS;NLMK;NVTK;OZON;PHOR;PLZL;ROSN;RTKM;RUAL;SBER;SBERP;SNGS;SNGSP;SVCB;T;TATN;TATNP;TRNFP;VTBR;X5;YDEX,34,35,0.9923862342806341275420477385,0.5151634881899176639273789910,0.4960318679147552470931016572,0.9923862342806341275420477385,731000,26,26
-8.00,788000,835000,48,36,AFLT;BSPB;CBOM;CHMF;DOMRF;ENPG;FLOT;GAZP;GMKN;HEAD;IRAO;LKOH;MAGN;MDMG;MOEX;MTSS;NLMK;NVTK;OZON;PHOR;PLZL;ROSN;RTKM;RUAL;SBER;SBERP;SNGS;SNGSP;SVCB;T;TATN;TATNP;TRNFP;VTBR;X5;YDEX,35,36,0.6137916720382413204490652500,0.4788985961029433456782879128,0.4637645001794986323044192148,0.8635464167907679133617835260,794000,24,24
-8.00,836000,883000,48,37,AFLT;BSPB;CBOM;CHMF;CNRU;DOMRF;ENPG;FLOT;GAZP;GMKN;HEAD;IRAO;LKOH;MAGN;MDMG;MOEX;MTSS;NLMK;NVTK;OZON;PHOR;PLZL;ROSN;RTKM;RUAL;SBER;SBERP;SNGS;SNGSP;SVCB;T;TATN;TATNP;TRNFP;VTBR;X5;YDEX,36,37,0.5645103742520032947281328520,0.5652395218470152184832008435,0.5063584903284104174235850235,0.8325900998223412111978015750,873000,24,24
-8.00,884000,904000,21,38,AFLT;BSPB;CBOM;CHMF;CNRU;DOMRF;ENPG;FLOT;GAZP;GMKN;HEAD;IRAO;LKOH;MAGN;MDMG;MOEX;MTSS;NLMK;NVTK;OZON;PHOR;PLZL;POSI;ROSN;RTKM;RUAL;SBER;SBERP;SNGS;SNGSP;SVCB;T;TATN;TATNP;TRNFP;VTBR;X5;YDEX,37,38,0.8128644288893251637435977145,0.5397363938870894309940178435,0.4807509984611743343779419556,0.8207263091779184155679477810,889000,8,8
-8.00,905000,965000,61,39,AFLT;ALRS;BSPB;CBOM;CHMF;CNRU;DOMRF;ENPG;FLOT;GAZP;GMKN;HEAD;IRAO;LKOH;MAGN;MDMG;MOEX;MTSS;NLMK;NVTK;OZON;PHOR;PLZL;POSI;ROSN;RTKM;RUAL;SBER;SBERP;SNGS;SNGSP;SVCB;T;TATN;TATNP;TRNFP;VTBR;X5;YDEX,38,39,0.5501043066412132622146102205,0.4780043944842873600672298540,0.4780043944842873600672298540,0.8492568338468817742714272415,943000,26,26
-8.00,966000,1000000,35,40,AFLT;ALRS;BSPB;CBOM;CHMF;CNRU;DOMRF;ENPG;FLOT;GAZP;GMKN;HEAD;IRAO;LKOH;MAGN;MDMG;MOEX;MTSS;NLMK;NVTK;OZON;PHOR;PLZL;POSI;ROSN;RTKM;RUAL;SBER;SBERP;SNGS;SNGSP;SVCB;T;TATN;TATNP;TRNFP;UGLD;VTBR;X5;YDEX,39,40,0.5790329582770667093864893905,0.4709078369095105194696320634,0.4391490575332362641934554426,0.7406242323959564566554821395,974000,16,16
-5.00,50000,50000,1,4,GAZP;LKOH;SBER;YDEX,3,3,14.82756563754271446710240394,14.82756563754271446710240394,14.82756563754271446710240394,14.82756563754271446710240394,50000,0,0
-5.00,51000,61000,11,5,GAZP;LKOH;SBER;TATN;YDEX,4,5,12.13733471043430533155472728,0.9329146699577271667770155350,0.9329146699577271667770155350,12.13733471043430533155472728,51000,5,5
-5.00,62000,64000,3,6,GAZP;LKOH;SBER;T;TATN;YDEX,5,6,9.197625003687522187282374045,5.714331912750939171309457915,5.714331912750939171309457915,9.197625003687522187282374045,62000,0,0
-5.00,65000,72000,8,7,GAZP;LKOH;NVTK;SBER;T;TATN;YDEX,6,7,8.011525815078178616133353700,0.8637009693196684395786536390,0.8092242893519767119708856900,8.011525815078178616133353700,65000,1,1
-5.00,73000,102000,30,8,GAZP;GMKN;LKOH;NVTK;SBER;T;TATN;YDEX,7,8,6.173596701125901397689328270,0.7103832102554355599369032070,0.7103832102554355599369032070,6.173596701125901397689328270,73000,10,10
-5.00,103000,105000,3,9,GAZP;GMKN;LKOH;NVTK;OZON;SBER;T;TATN;YDEX,8,9,2.841906465681682936820400406,2.643772357058395164839202134,0.7177188505838954669905018845,2.841906465681682936820400406,103000,1,1
-5.00,106000,118000,13,10,GAZP;GMKN;LKOH;NVTK;OZON;ROSN;SBER;T;TATN;YDEX,9,10,3.866706901946548692668901876,0.7985184892903863218295544210,0.7028045199067415258539830565,3.866706901946548692668901876,106000,5,5
-5.00,119000,126000,8,11,GAZP;GMKN;LKOH;NVTK;OZON;ROSN;SBER;T;TATN;X5;YDEX,10,11,2.978834210389436928926606190,1.835661037475776921244190808,1.056972697720844930719804054,2.978834210389436928926606190,119000,2,2
-5.00,127000,129000,3,12,GAZP;GMKN;LKOH;NVTK;OZON;ROSN;SBER;T;TATN;VTBR;X5;YDEX,11,11,3.263498442288778142042000288,3.264336950240142153329050442,3.256538990261121047412061164,3.264336950240142153329050442,129000,1,1
-5.00,130000,147000,18,13,GAZP;GMKN;LKOH;NVTK;OZON;ROSN;SBER;SBERP;T;TATN;VTBR;X5;YDEX,11,13,6.255027579974708142826056000,1.056865621600464939187688584,0.7383192481409591715588262450,6.275338153158157755178507895,131000,10,10
-5.00,148000,150000,3,14,GAZP;GMKN;LKOH;NVTK;OZON;PLZL;ROSN;SBER;SBERP;T;TATN;VTBR;X5;YDEX,13,13,2.536045421833944201770681660,2.521920693031503790129806239,2.521920693031503790129806239,2.536045421833944201770681660,148000,0,0
-5.00,151000,180000,30,15,GAZP;GMKN;LKOH;NVTK;OZON;PLZL;ROSN;SBER;SBERP;SNGSP;T;TATN;VTBR;X5;YDEX,14,15,2.577860297614050972275279684,0.7751398155112907609084756215,0.7125132916483178742544118225,2.577860297614050972275279684,151000,13,13
-5.00,181000,242000,62,16,GAZP;GMKN;LKOH;NVTK;OZON;PLZL;ROSN;SBER;SBERP;SNGS;SNGSP;T;TATN;VTBR;X5;YDEX,15,16,2.428235872242160701225891199,1.430766322996018443068625314,0.6307069620503837332326321035,2.428235872242160701225891199,181000,31,31
-5.00,243000,248000,6,17,GAZP;GMKN;LKOH;NVTK;OZON;PLZL;ROSN;SBER;SBERP;SNGS;SNGSP;T;TATN;TATNP;VTBR;X5;YDEX,16,17,1.809098826147636155409919876,1.387686075598455872693889312,1.387686075598455872693889312,1.843648391508781887576414718,244000,1,1
-5.00,249000,270000,22,18,GAZP;GMKN;HEAD;LKOH;NVTK;OZON;PLZL;ROSN;SBER;SBERP;SNGS;SNGSP;T;TATN;TATNP;VTBR;X5;YDEX,17,18,1.060493788942180247692546774,0.8471799631119836885112228195,0.6712563390915709798907090845,1.678928949089638998413527978,258000,8,8
-5.00,271000,306000,36,19,GAZP;GMKN;HEAD;LKOH;MOEX;NVTK;OZON;PLZL;ROSN;SBER;SBERP;SNGS;SNGSP;T;TATN;TATNP;VTBR;X5;YDEX,18,19,1.073771160837670457186324198,0.6398823720322590780482768320,0.5770109504324993249064908375,1.678160535755629498470153351,287000,17,17
-5.00,307000,314000,8,20,GAZP;GMKN;HEAD;LKOH;MOEX;MTSS;NVTK;OZON;PLZL;ROSN;SBER;SBERP;SNGS;SNGSP;T;TATN;TATNP;VTBR;X5;YDEX,19,20,1.143089057538733973794351468,0.6678574852098190455600622470,0.5951596050775254235841567215,2.045696600548245752720694356,308000,2,2
-5.00,315000,350000,36,21,GAZP;GMKN;HEAD;IRAO;LKOH;MOEX;MTSS;NVTK;OZON;PLZL;ROSN;SBER;SBERP;SNGS;SNGSP;T;TATN;TATNP;VTBR;X5;YDEX,20,21,1.062760175110023882525575552,1.001391712846056910054769454,0.6112965979860315460589847035,1.427452863818259763811742440,328000,16,16
-5.00,351000,375000,25,22,CHMF;GAZP;GMKN;HEAD;IRAO;LKOH;MOEX;MTSS;NVTK;OZON;PLZL;ROSN;SBER;SBERP;SNGS;SNGSP;T;TATN;TATNP;VTBR;X5;YDEX,21,22,1.677702271259796479527519095,0.9954806453075226298347227765,0.5634037647470190438690908385,1.705276897931710438285025690,352000,12,12
-5.00,376000,381000,6,23,CBOM;CHMF;GAZP;GMKN;HEAD;IRAO;LKOH;MOEX;MTSS;NVTK;OZON;PLZL;ROSN;SBER;SBERP;SNGS;SNGSP;T;TATN;TATNP;VTBR;X5;YDEX,22,22,0.9808533560889855935788784890,0.9028295742536667774757133135,0.9028295742536667774757133135,1.138242723313920876085108247,378000,1,1
-5.00,382000,394000,13,24,CBOM;CHMF;GAZP;GMKN;HEAD;IRAO;LKOH;MOEX;MTSS;NVTK;OZON;PLZL;ROSN;RUAL;SBER;SBERP;SNGS;SNGSP;T;TATN;TATNP;VTBR;X5;YDEX,23,24,1.123657623220031298322878873,0.5970559018780616605798735925,0.5970559018780616605798735925,1.152309904245737371210493318,393000,6,5
-5.00,395000,652000,258,25,CBOM;CHMF;GAZP;GMKN;HEAD;IRAO;LKOH;MOEX;MTSS;NLMK;NVTK;OZON;PLZL;ROSN;RUAL;SBER;SBERP;SNGS;SNGSP;T;TATN;TATNP;VTBR;X5;YDEX,24,25,0.8898904297859334925424900675,0.6623403466193201811790126800,0.4762081571496416577402791952,1.397210311701295488103902812,428000,138,138
-5.00,653000,662000,10,30,CBOM;CHMF;DOMRF;GAZP;GMKN;HEAD;IRAO;LKOH;MAGN;MOEX;MTSS;NLMK;NVTK;OZON;PHOR;PLZL;ROSN;RUAL;SBER;SBERP;SNGS;SNGSP;SVCB;T;TATN;TATNP;TRNFP;VTBR;X5;YDEX,25,25,2.983336939458176875586987591,2.961314826351154975675341275,2.961314826351154975675341275,2.983336939458176875586987591,653000,0,0
-5.00,663000,666000,4,31,CBOM;CHMF;DOMRF;GAZP;GMKN;HEAD;IRAO;LKOH;MAGN;MOEX;MTSS;NLMK;NVTK;OZON;PHOR;PLZL;ROSN;RTKM;RUAL;SBER;SBERP;SNGS;SNGSP;SVCB;T;TATN;TATNP;TRNFP;VTBR;X5;YDEX,25,30,3.462672779526979780274179765,0.6670636279674842888251800055,0.6670636279674842888251800055,3.462672779526979780274179765,663000,0,0
-5.00,667000,688000,22,32,AFLT;CBOM;CHMF;DOMRF;GAZP;GMKN;HEAD;IRAO;LKOH;MAGN;MOEX;MTSS;NLMK;NVTK;OZON;PHOR;PLZL;ROSN;RTKM;RUAL;SBER;SBERP;SNGS;SNGSP;SVCB;T;TATN;TATNP;TRNFP;VTBR;X5;YDEX,30,32,1.085772347300948607207416735,0.7902982496248768432878746260,0.7369488949996318059447110860,1.230479856466182471307659253,676000,8,8
-5.00,689000,697000,9,33,AFLT;CBOM;CHMF;DOMRF;ENPG;GAZP;GMKN;HEAD;IRAO;LKOH;MAGN;MOEX;MTSS;NLMK;NVTK;OZON;PHOR;PLZL;ROSN;RTKM;RUAL;SBER;SBERP;SNGS;SNGSP;SVCB;T;TATN;TATNP;TRNFP;VTBR;X5;YDEX,32,32,1.027612161746732864078604574,0.9228097033505500366930953160,0.7350614684029213228962910100,1.027612161746732864078604574,689000,3,3
-5.00,698000,730000,33,34,AFLT;BSPB;CBOM;CHMF;DOMRF;ENPG;GAZP;GMKN;HEAD;IRAO;LKOH;MAGN;MOEX;MTSS;NLMK;NVTK;OZON;PHOR;PLZL;ROSN;RTKM;RUAL;SBER;SBERP;SNGS;SNGSP;SVCB;T;TATN;TATNP;TRNFP;VTBR;X5;YDEX,32,34,0.8898552789653942579058351095,0.5642835905316228845302423600,0.5219863102307657416283089480,1.062467742170709146261984724,701000,17,15
-5.00,731000,787000,57,35,AFLT;BSPB;CBOM;CHMF;DOMRF;ENPG;GAZP;GMKN;HEAD;IRAO;LKOH;MAGN;MDMG;MOEX;MTSS;NLMK;NVTK;OZON;PHOR;PLZL;ROSN;RTKM;RUAL;SBER;SBERP;SNGS;SNGSP;SVCB;T;TATN;TATNP;TRNFP;VTBR;X5;YDEX,34,35,0.6998514278236008969184986110,0.5546310510868995822358194765,0.5012085357883045693986509720,0.8765432695178685021948363170,734000,21,21
-5.00,788000,835000,48,36,AFLT;BSPB;CBOM;CHMF;DOMRF;ENPG;FLOT;GAZP;GMKN;HEAD;IRAO;LKOH;MAGN;MDMG;MOEX;MTSS;NLMK;NVTK;OZON;PHOR;PLZL;ROSN;RTKM;RUAL;SBER;SBERP;SNGS;SNGSP;SVCB;T;TATN;TATNP;TRNFP;VTBR;X5;YDEX,35,36,0.8419939220651228401329419050,0.5915949227315898195104682625,0.4637645001794986323044192148,0.8792535887748769772850087095,803000,27,27
-5.00,836000,883000,48,37,AFLT;BSPB;CBOM;CHMF;CNRU;DOMRF;ENPG;FLOT;GAZP;GMKN;HEAD;IRAO;LKOH;MAGN;MDMG;MOEX;MTSS;NLMK;NVTK;OZON;PHOR;PLZL;ROSN;RTKM;RUAL;SBER;SBERP;SNGS;SNGSP;SVCB;T;TATN;TATNP;TRNFP;VTBR;X5;YDEX,36,37,0.6827148384590709394363511450,0.6654987363695121008988761385,0.4567946658824896221402729696,0.7620334275887767735620094755,844000,23,23
-5.00,884000,904000,21,38,AFLT;BSPB;CBOM;CHMF;CNRU;DOMRF;ENPG;FLOT;GAZP;GMKN;HEAD;IRAO;LKOH;MAGN;MDMG;MOEX;MTSS;NLMK;NVTK;OZON;PHOR;PLZL;POSI;ROSN;RTKM;RUAL;SBER;SBERP;SNGS;SNGSP;SVCB;T;TATN;TATNP;TRNFP;VTBR;X5;YDEX,37,38,0.7841896764698738529684050020,0.7593817111708105523711942900,0.5978638540815224786790108145,0.8767216383611260811855691005,887000,12,12
-5.00,905000,965000,61,39,AFLT;ALRS;BSPB;CBOM;CHMF;CNRU;DOMRF;ENPG;FLOT;GAZP;GMKN;HEAD;IRAO;LKOH;MAGN;MDMG;MOEX;MTSS;NLMK;NVTK;OZON;PHOR;PLZL;POSI;ROSN;RTKM;RUAL;SBER;SBERP;SNGS;SNGSP;SVCB;T;TATN;TATNP;TRNFP;VTBR;X5;YDEX,38,39,1.034521818958351820110786090,0.7544261793379547694760582680,0.4774490037958124480234107144,1.034521818958351820110786090,905000,25,25
-5.00,966000,1000000,35,40,AFLT;ALRS;BSPB;CBOM;CHMF;CNRU;DOMRF;ENPG;FLOT;GAZP;GMKN;HEAD;IRAO;LKOH;MAGN;MDMG;MOEX;MTSS;NLMK;NVTK;OZON;PHOR;PLZL;POSI;ROSN;RTKM;RUAL;SBER;SBERP;SNGS;SNGSP;SVCB;T;TATN;TATNP;TRNFP;UGLD;VTBR;X5;YDEX,39,40,1.003756423046038652349411970,0.4781055817928980381431080169,0.4781055817928980381431080169,1.038417558207667043236323158,970000,16,15
-3.00,50000,50000,1,4,GAZP;LKOH;SBER;YDEX,3,3,14.91317372154132061233064852,14.91317372154132061233064852,14.91317372154132061233064852,14.91317372154132061233064852,50000,0,0
-3.00,51000,61000,11,5,GAZP;LKOH;SBER;TATN;YDEX,4,5,12.20205600782321692147146756,1.303433483990973397380387575,1.303433483990973397380387575,12.20205600782321692147146756,51000,5,5
-3.00,62000,64000,3,6,GAZP;LKOH;SBER;T;TATN;YDEX,5,5,9.197625003687522187282374045,9.155716235025730510414863955,9.155716235025730510414863955,9.197625003687522187282374045,62000,0,0
-3.00,65000,72000,8,7,GAZP;LKOH;NVTK;SBER;T;TATN;YDEX,6,7,8.156489843447162442786846955,1.207302626842474096401026262,1.207302626842474096401026262,8.156489843447162442786846955,65000,0,0
-3.00,73000,102000,30,8,GAZP;GMKN;LKOH;NVTK;SBER;T;TATN;YDEX,7,8,6.669397661839219918462998200,1.161319806058754190211738368,0.8859948336496849762471535265,6.669397661839219918462998200,73000,14,14
-3.00,103000,105000,3,9,GAZP;GMKN;LKOH;NVTK;OZON;SBER;T;TATN;YDEX,8,8,2.866819718159768152470793184,2.841906465681682936820400406,2.841906465681682936820400406,2.866819718159768152470793184,103000,0,0
-3.00,106000,118000,13,10,GAZP;GMKN;LKOH;NVTK;OZON;ROSN;SBER;T;TATN;YDEX,9,10,3.885761412011282975469347664,0.9365367801455294015007129295,0.7028045199067415258539830565,4.164838384803850112501609936,109000,6,6
-3.00,119000,126000,8,11,GAZP;GMKN;LKOH;NVTK;OZON;ROSN;SBER;T;TATN;X5;YDEX,10,11,3.022640823073906326458877058,1.061687120524459463770718337,0.7836996755741843979409227900,3.022640823073906326458877058,119000,4,4
-3.00,127000,129000,3,12,GAZP;GMKN;LKOH;NVTK;OZON;ROSN;SBER;T;TATN;VTBR;X5;YDEX,11,11,3.223116633503322406863499836,3.233198308857834820480886244,3.216758521063534642481031358,3.233198308857834820480886244,129000,1,1
-3.00,130000,147000,18,13,GAZP;GMKN;LKOH;NVTK;OZON;ROSN;SBER;SBERP;T;TATN;VTBR;X5;YDEX,12,13,2.954996261828870207816699940,0.7588617667106667064736850855,0.7383192481409591715588262450,3.151528810758019682968973022,131000,9,9
-3.00,148000,150000,3,14,GAZP;GMKN;LKOH;NVTK;OZON;PLZL;ROSN;SBER;SBERP;T;TATN;VTBR;X5;YDEX,13,14,2.580930693241896318734029272,0.7479181894565002993175211770,0.7479181894565002993175211770,2.580930693241896318734029272,148000,0,0
-3.00,151000,180000,30,15,GAZP;GMKN;LKOH;NVTK;OZON;PLZL;ROSN;SBER;SBERP;SNGSP;T;TATN;VTBR;X5;YDEX,14,15,2.370518230328017511412359026,0.8870693722539374044009641230,0.6534482035825662355295270840,2.418004587879424845922665524,177000,15,15
-3.00,181000,242000,62,16,GAZP;GMKN;LKOH;NVTK;OZON;PLZL;ROSN;SBER;SBERP;SNGS;SNGSP;T;TATN;VTBR;X5;YDEX,15,16,1.643591244704209336789278072,0.8802141277959558213477767125,0.6204065522205476658669319115,2.067559430043938925185012258,201000,31,31
-3.00,243000,248000,6,17,GAZP;GMKN;LKOH;NVTK;OZON;PLZL;ROSN;SBER;SBERP;SNGS;SNGSP;T;TATN;TATNP;VTBR;X5;YDEX,16,16,1.473409707710368843563496831,1.809098826147636155409919876,1.464487865121111773614321734,1.809098826147636155409919876,248000,2,2
-3.00,249000,270000,22,18,GAZP;GMKN;HEAD;LKOH;NVTK;OZON;PLZL;ROSN;SBER;SBERP;SNGS;SNGSP;T;TATN;TATNP;VTBR;X5;YDEX,17,18,1.481670028164262249894915184,0.8359112876974043117731573520,0.6712563390915709798907090845,1.658885023793557800619245476,264000,11,10
-3.00,271000,306000,36,19,GAZP;GMKN;HEAD;LKOH;MOEX;NVTK;OZON;PLZL;ROSN;SBER;SBERP;SNGS;SNGSP;T;TATN;TATNP;VTBR;X5;YDEX,18,19,1.098245586192295591621926114,1.269557575553673358100975976,0.6273755868327263594042796140,1.678160535755629498470153351,293000,18,18
-3.00,307000,314000,8,20,GAZP;GMKN;HEAD;LKOH;MOEX;MTSS;NVTK;OZON;PLZL;ROSN;SBER;SBERP;SNGS;SNGSP;T;TATN;TATNP;VTBR;X5;YDEX,19,20,1.105224240401272273547501110,0.6633427316591354769601596135,0.6633427316591354769601596135,1.314794454204022243949563330,310000,2,1
-3.00,315000,350000,36,21,GAZP;GMKN;HEAD;IRAO;LKOH;MOEX;MTSS;NVTK;OZON;PLZL;ROSN;SBER;SBERP;SNGS;SNGSP;T;TATN;TATNP;VTBR;X5;YDEX,20,21,1.097216776859494124101100662,0.6670267097771738173473774645,0.5936626942262976576691935165,1.427452863818259763811742440,335000,20,20
-3.00,351000,375000,25,22,CHMF;GAZP;GMKN;HEAD;IRAO;LKOH;MOEX;MTSS;NVTK;OZON;PLZL;ROSN;SBER;SBERP;SNGS;SNGSP;T;TATN;TATNP;VTBR;X5;YDEX,21,22,1.074752511337864640261020678,0.5660768756841015781211627785,0.5660768756841015781211627785,1.358814701853841137059265983,355000,8,8
-3.00,376000,381000,6,23,CBOM;CHMF;GAZP;GMKN;HEAD;IRAO;LKOH;MOEX;MTSS;NVTK;OZON;PLZL;ROSN;SBER;SBERP;SNGS;SNGSP;T;TATN;TATNP;VTBR;X5;YDEX,22,22,0.9334997314227676402246675245,0.9999540952554310114495391265,0.9195170501504887772187527310,1.088322334576321217778165096,377000,2,2
-3.00,382000,394000,13,24,CBOM;CHMF;GAZP;GMKN;HEAD;IRAO;LKOH;MOEX;MTSS;NVTK;OZON;PLZL;ROSN;RUAL;SBER;SBERP;SNGS;SNGSP;T;TATN;TATNP;VTBR;X5;YDEX,23,24,0.9012089307882809205467564060,0.7333967432165895140932966475,0.7003915278882713693739066690,1.379248304969347518981703642,386000,8,8
-3.00,395000,672000,278,25,CBOM;CHMF;GAZP;GMKN;HEAD;IRAO;LKOH;MOEX;MTSS;NLMK;NVTK;OZON;PLZL;ROSN;RUAL;SBER;SBERP;SNGS;SNGSP;T;TATN;TATNP;VTBR;X5;YDEX,24,25,0.8675406076952515411414554120,0.8832831682450984936899936575,0.4762081571496416577402791952,1.397210311701295488103902812,437000,146,145
-3.00,673000,688000,16,32,AFLT;CBOM;CHMF;DOMRF;GAZP;GMKN;HEAD;IRAO;LKOH;MAGN;MOEX;MTSS;NLMK;NVTK;OZON;PHOR;PLZL;ROSN;RTKM;RUAL;SBER;SBERP;SNGS;SNGSP;SVCB;T;TATN;TATNP;TRNFP;VTBR;X5;YDEX,25,32,3.875940651390263681130142970,0.6096182796535624993324013180,0.5694606754792820980947331515,3.918899314325805289106737616,677000,2,2
-3.00,689000,697000,9,33,AFLT;CBOM;CHMF;DOMRF;ENPG;GAZP;GMKN;HEAD;IRAO;LKOH;MAGN;MOEX;MTSS;NLMK;NVTK;OZON;PHOR;PLZL;ROSN;RTKM;RUAL;SBER;SBERP;SNGS;SNGSP;SVCB;T;TATN;TATNP;TRNFP;VTBR;X5;YDEX,32,32,0.6885527789647991865551991520,1.022739092572472953480771662,0.6885527789647991865551991520,1.131763371493900643432390563,696000,6,6
-3.00,698000,730000,33,34,AFLT;BSPB;CBOM;CHMF;DOMRF;ENPG;GAZP;GMKN;HEAD;IRAO;LKOH;MAGN;MOEX;MTSS;NLMK;NVTK;OZON;PHOR;PLZL;ROSN;RTKM;RUAL;SBER;SBERP;SNGS;SNGSP;SVCB;T;TATN;TATNP;TRNFP;VTBR;X5;YDEX,32,34,1.255108335589987130034196732,0.5549358985154242951588118595,0.5490085450386973749651405480,1.255108335589987130034196732,698000,10,10
-3.00,731000,787000,57,35,AFLT;BSPB;CBOM;CHMF;DOMRF;ENPG;GAZP;GMKN;HEAD;IRAO;LKOH;MAGN;MDMG;MOEX;MTSS;NLMK;NVTK;OZON;PHOR;PLZL;ROSN;RTKM;RUAL;SBER;SBERP;SNGS;SNGSP;SVCB;T;TATN;TATNP;TRNFP;VTBR;X5;YDEX,34,35,0.6245613555164876363166255480,0.5927731505794630981783721655,0.5043821849566264619778034880,1.114410117669431637776139286,738000,26,26
-3.00,788000,835000,48,36,AFLT;BSPB;CBOM;CHMF;DOMRF;ENPG;FLOT;GAZP;GMKN;HEAD;IRAO;LKOH;MAGN;MDMG;MOEX;MTSS;NLMK;NVTK;OZON;PHOR;PLZL;ROSN;RTKM;RUAL;SBER;SBERP;SNGS;SNGSP;SVCB;T;TATN;TATNP;TRNFP;VTBR;X5;YDEX,35,36,0.6302383686005821394274352140,0.5071118167475349861809064410,0.4998996424037617317530855719,0.9193777845341008660038748985,790000,20,19
-3.00,836000,883000,48,37,AFLT;BSPB;CBOM;CHMF;CNRU;DOMRF;ENPG;FLOT;GAZP;GMKN;HEAD;IRAO;LKOH;MAGN;MDMG;MOEX;MTSS;NLMK;NVTK;OZON;PHOR;PLZL;ROSN;RTKM;RUAL;SBER;SBERP;SNGS;SNGSP;SVCB;T;TATN;TATNP;TRNFP;VTBR;X5;YDEX,36,37,0.8357305147293806384100688385,0.4708400314558458225823669852,0.4641130914599565618595497606,0.8721138457147917474513489840,839000,21,20
-3.00,884000,904000,21,38,AFLT;BSPB;CBOM;CHMF;CNRU;DOMRF;ENPG;FLOT;GAZP;GMKN;HEAD;IRAO;LKOH;MAGN;MDMG;MOEX;MTSS;NLMK;NVTK;OZON;PHOR;PLZL;POSI;ROSN;RTKM;RUAL;SBER;SBERP;SNGS;SNGSP;SVCB;T;TATN;TATNP;TRNFP;VTBR;X5;YDEX,37,38,0.7762188708173869168958668070,0.5982154815420340603218797925,0.4569525374739878933201404943,0.7762188708173869168958668070,884000,9,9
-3.00,905000,965000,61,39,AFLT;ALRS;BSPB;CBOM;CHMF;CNRU;DOMRF;ENPG;FLOT;GAZP;GMKN;HEAD;IRAO;LKOH;MAGN;MDMG;MOEX;MTSS;NLMK;NVTK;OZON;PHOR;PLZL;POSI;ROSN;RTKM;RUAL;SBER;SBERP;SNGS;SNGSP;SVCB;T;TATN;TATNP;TRNFP;VTBR;X5;YDEX,38,39,0.7986843966784810477138065880,0.5527178909819454685459748660,0.4748342205221231109520377743,0.8905676419126556334739219210,908000,32,32
-3.00,966000,1000000,35,40,AFLT;ALRS;BSPB;CBOM;CHMF;CNRU;DOMRF;ENPG;FLOT;GAZP;GMKN;HEAD;IRAO;LKOH;MAGN;MDMG;MOEX;MTSS;NLMK;NVTK;OZON;PHOR;PLZL;POSI;ROSN;RTKM;RUAL;SBER;SBERP;SNGS;SNGSP;SVCB;T;TATN;TATNP;TRNFP;UGLD;VTBR;X5;YDEX,39,40,0.5758544714858264355236832320,0.6022843227220119079683615800,0.4957109896640562542881210594,0.8571972577347029019667780725,998000,14,14
0,50000,50000,1,4,GAZP;LKOH;SBER;YDEX,4,4,1.932464494560029443349798420,1.932464494560029443349798420,1.932464494560029443349798420,1.932464494560029443349798420,50000,0,0
0,51000,61000,11,5,GAZP;LKOH;SBER;TATN;YDEX,4,5,11.46109403880047802917541580,2.320890069404110896754835210,0.8105941303961196157730546800,11.46109403880047802917541580,51000,5,5
0,62000,64000,3,6,GAZP;LKOH;SBER;T;TATN;YDEX,5,5,8.993687478757080831578157480,9.197625003687522187282374045,8.993687478757080831578157480,9.239919197408429862061857970,63000,1,1
0,65000,72000,8,7,GAZP;LKOH;NVTK;SBER;T;TATN;YDEX,6,7,8.191767860551712668300426620,5.693043030158880312792275025,1.352707764866792053832119306,8.191767860551712668300426620,65000,3,3
0,73000,102000,30,8,GAZP;GMKN;LKOH;NVTK;SBER;T;TATN;YDEX,7,8,6.695720132159591237546447845,4.005298456668453241975630422,0.9406958714174002953354142740,6.695720132159591237546447845,73000,9,9
0,103000,105000,3,9,GAZP;GMKN;LKOH;NVTK;OZON;SBER;T;TATN;YDEX,8,9,2.917110453784523560234107448,0.8370190629468512955739173580,0.8370190629468512955739173580,3.921000072439305858932404079,104000,1,0
0,106000,118000,13,10,GAZP;GMKN;LKOH;NVTK;OZON;ROSN;SBER;T;TATN;YDEX,8,10,7.112965999185352612059113460,0.7599455887125284172857962520,0.7028045199067415258539830565,7.112965999185352612059113460,106000,5,5
0,119000,126000,8,11,GAZP;GMKN;LKOH;NVTK;OZON;ROSN;SBER;T;TATN;X5;YDEX,10,11,3.127918044627747504503358446,0.9249806244395583344096100480,0.7222229839584524639403695725,3.127918044627747504503358446,119000,4,4
0,127000,129000,3,12,GAZP;GMKN;LKOH;NVTK;OZON;ROSN;SBER;T;TATN;VTBR;X5;YDEX,11,12,3.195764879624879682268729312,0.7597238403696225648091839220,0.7597238403696225648091839220,3.195764879624879682268729312,127000,0,0
0,130000,147000,18,13,GAZP;GMKN;LKOH;NVTK;OZON;ROSN;SBER;SBERP;T;TATN;VTBR;X5;YDEX,12,13,3.022659771849692199755469138,0.9763286938587280217573807290,0.6939577544355784024715620200,3.022659771849692199755469138,130000,9,9
0,148000,150000,3,14,GAZP;GMKN;LKOH;NVTK;OZON;PLZL;ROSN;SBER;SBERP;T;TATN;VTBR;X5;YDEX,13,14,2.744900578727388464001979000,0.8397770634650299030184535300,0.8397770634650299030184535300,2.744900578727388464001979000,148000,0,0
0,151000,180000,30,15,GAZP;GMKN;LKOH;NVTK;OZON;PLZL;ROSN;SBER;SBERP;SNGSP;T;TATN;VTBR;X5;YDEX,13,15,5.190610246479028746317830315,1.159527090154383569075119568,0.7130618073452466554699481055,5.190610246479028746317830315,151000,13,13
0,181000,242000,62,16,GAZP;GMKN;LKOH;NVTK;OZON;PLZL;ROSN;SBER;SBERP;SNGS;SNGSP;T;TATN;VTBR;X5;YDEX,15,16,1.725275553953532010140937852,0.6625953731220706841871057535,0.6359358495267161421478017895,2.401279384962348578558250266,185000,31,30
0,243000,248000,6,17,GAZP;GMKN;LKOH;NVTK;OZON;PLZL;ROSN;SBER;SBERP;SNGS;SNGSP;T;TATN;TATNP;VTBR;X5;YDEX,16,17,1.687355494058761064178175256,0.6277838707891216825629136410,0.6277838707891216825629136410,1.725043366487717312200138308,247000,1,1
0,249000,270000,22,18,GAZP;GMKN;HEAD;LKOH;NVTK;OZON;PLZL;ROSN;SBER;SBERP;SNGS;SNGSP;T;TATN;TATNP;VTBR;X5;YDEX,17,18,1.118048116162265615310283614,0.8123875110435711225040074030,0.8123875110435711225040074030,1.651815915073787159818370684,268000,11,11
0,271000,306000,36,19,GAZP;GMKN;HEAD;LKOH;MOEX;NVTK;OZON;PLZL;ROSN;SBER;SBERP;SNGS;SNGSP;T;TATN;TATNP;VTBR;X5;YDEX,18,19,1.475267550938127728244429986,1.468302095045920931308310418,0.6264775969929221469951404500,1.678160535755629498470153351,302000,19,19
0,307000,314000,8,20,GAZP;GMKN;HEAD;LKOH;MOEX;MTSS;NVTK;OZON;PLZL;ROSN;SBER;SBERP;SNGS;SNGSP;T;TATN;TATNP;VTBR;X5;YDEX,19,20,1.395582326347923920996477282,0.6454750546816823474243993555,0.6454750546816823474243993555,1.408292562995847458410777726,310000,1,0
0,315000,350000,36,21,GAZP;GMKN;HEAD;IRAO;LKOH;MOEX;MTSS;NVTK;OZON;PLZL;ROSN;SBER;SBERP;SNGS;SNGSP;T;TATN;TATNP;VTBR;X5;YDEX,20,21,1.042044759522358783641523512,0.6656091620151951044360648590,0.5936626942262976576691935165,1.431070534433703693489448312,345000,17,17
0,351000,375000,25,22,CHMF;GAZP;GMKN;HEAD;IRAO;LKOH;MOEX;MTSS;NVTK;OZON;PLZL;ROSN;SBER;SBERP;SNGS;SNGSP;T;TATN;TATNP;VTBR;X5;YDEX,21,22,1.014505917019411320351322613,1.276987756099243731880089898,0.6315070514585014387709285465,1.276987756099243731880089898,375000,16,16
0,376000,381000,6,23,CBOM;CHMF;GAZP;GMKN;HEAD;IRAO;LKOH;MOEX;MTSS;NVTK;OZON;PLZL;ROSN;SBER;SBERP;SNGS;SNGSP;T;TATN;TATNP;VTBR;X5;YDEX,22,22,1.619733162038658787775947988,0.9396688824875772250109900310,0.9396688824875772250109900310,1.964143924060934106555351936,377000,2,2
0,382000,394000,13,24,CBOM;CHMF;GAZP;GMKN;HEAD;IRAO;LKOH;MOEX;MTSS;NVTK;OZON;PLZL;ROSN;RUAL;SBER;SBERP;SNGS;SNGSP;T;TATN;TATNP;VTBR;X5;YDEX,23,24,1.087284372961586557544223210,0.5716985557853717598376798845,0.5621447661908533010255726300,1.138504093751584149048771049,390000,6,5
0,395000,696000,302,25,CBOM;CHMF;GAZP;GMKN;HEAD;IRAO;LKOH;MOEX;MTSS;NLMK;NVTK;OZON;PLZL;ROSN;RUAL;SBER;SBERP;SNGS;SNGSP;T;TATN;TATNP;VTBR;X5;YDEX,24,25,0.8919057886748203267662205535,0.7781880202296470565179412340,0.4762081571496416577402791952,1.392322290045175875749453696,450000,157,157
0,697000,697000,1,33,AFLT;CBOM;CHMF;DOMRF;ENPG;GAZP;GMKN;HEAD;IRAO;LKOH;MAGN;MOEX;MTSS;NLMK;NVTK;OZON;PHOR;PLZL;ROSN;RTKM;RUAL;SBER;SBERP;SNGS;SNGSP;SVCB;T;TATN;TATNP;TRNFP;VTBR;X5;YDEX,25,25,4.323560690325730313976663600,4.323560690325730313976663600,4.323560690325730313976663600,4.323560690325730313976663600,697000,0,0
0,698000,700000,3,25,CBOM;CHMF;GAZP;GMKN;HEAD;IRAO;LKOH;MOEX;MTSS;NLMK;NVTK;OZON;PLZL;ROSN;RUAL;SBER;SBERP;SNGS;SNGSP;T;TATN;TATNP;VTBR;X5;YDEX,25,25,0.7693486215465642346411576390,0.5405431208956106622587410490,0.5405431208956106622587410490,0.7693486215465642346411576390,698000,0,0
0,701000,730000,30,34,AFLT;BSPB;CBOM;CHMF;DOMRF;ENPG;GAZP;GMKN;HEAD;IRAO;LKOH;MAGN;MOEX;MTSS;NLMK;NVTK;OZON;PHOR;PLZL;ROSN;RTKM;RUAL;SBER;SBERP;SNGS;SNGSP;SVCB;T;TATN;TATNP;TRNFP;VTBR;X5;YDEX,25,34,4.685646250454663308821184560,0.7854256734126007811744252445,0.6333294256842696391169460485,4.723154195492504842070376830,705000,7,7
0,731000,787000,57,35,AFLT;BSPB;CBOM;CHMF;DOMRF;ENPG;GAZP;GMKN;HEAD;IRAO;LKOH;MAGN;MDMG;MOEX;MTSS;NLMK;NVTK;OZON;PHOR;PLZL;ROSN;RTKM;RUAL;SBER;SBERP;SNGS;SNGSP;SVCB;T;TATN;TATNP;TRNFP;VTBR;X5;YDEX,34,35,0.9645880566504765253205717455,0.5708998159665265629794278440,0.5177312667597365184478894950,0.9858509970966800797667421865,763000,22,21
0,788000,835000,48,36,AFLT;BSPB;CBOM;CHMF;DOMRF;ENPG;FLOT;GAZP;GMKN;HEAD;IRAO;LKOH;MAGN;MDMG;MOEX;MTSS;NLMK;NVTK;OZON;PHOR;PLZL;ROSN;RTKM;RUAL;SBER;SBERP;SNGS;SNGSP;SVCB;T;TATN;TATNP;TRNFP;VTBR;X5;YDEX,35,36,0.8193565458804707547550235750,0.5633775532675101318473112610,0.5044745763405115278551420805,0.8958912494591004396030628270,789000,21,20
0,836000,883000,48,37,AFLT;BSPB;CBOM;CHMF;CNRU;DOMRF;ENPG;FLOT;GAZP;GMKN;HEAD;IRAO;LKOH;MAGN;MDMG;MOEX;MTSS;NLMK;NVTK;OZON;PHOR;PLZL;ROSN;RTKM;RUAL;SBER;SBERP;SNGS;SNGSP;SVCB;T;TATN;TATNP;TRNFP;VTBR;X5;YDEX,36,37,0.8737685909293584473263298870,0.5308447464731172344433233350,0.4641130914599565618595497606,0.9093107101815984915752915510,844000,22,22
0,884000,904000,21,38,AFLT;BSPB;CBOM;CHMF;CNRU;DOMRF;ENPG;FLOT;GAZP;GMKN;HEAD;IRAO;LKOH;MAGN;MDMG;MOEX;MTSS;NLMK;NVTK;OZON;PHOR;PLZL;POSI;ROSN;RTKM;RUAL;SBER;SBERP;SNGS;SNGSP;SVCB;T;TATN;TATNP;TRNFP;VTBR;X5;YDEX,37,38,0.6817399276779853780068922010,0.6755993089103613990353139905,0.5759713417181828033572733055,0.7364716162105283988691032420,891000,9,9
0,905000,965000,61,39,AFLT;ALRS;BSPB;CBOM;CHMF;CNRU;DOMRF;ENPG;FLOT;GAZP;GMKN;HEAD;IRAO;LKOH;MAGN;MDMG;MOEX;MTSS;NLMK;NVTK;OZON;PHOR;PLZL;POSI;ROSN;RTKM;RUAL;SBER;SBERP;SNGS;SNGSP;SVCB;T;TATN;TATNP;TRNFP;VTBR;X5;YDEX,38,39,0.7215740363748205020605081525,0.5924544995632562442870007835,0.4591675274917633235857238149,0.9695549904581557141080080135,907000,25,24
0,966000,1000000,35,40,AFLT;ALRS;BSPB;CBOM;CHMF;CNRU;DOMRF;ENPG;FLOT;GAZP;GMKN;HEAD;IRAO;LKOH;MAGN;MDMG;MOEX;MTSS;NLMK;NVTK;OZON;PHOR;PLZL;POSI;ROSN;RTKM;RUAL;SBER;SBERP;SNGS;SNGSP;SVCB;T;TATN;TATNP;TRNFP;UGLD;VTBR;X5;YDEX,39,40,0.7922701737220773412948930125,0.5271452911722649489472290290,0.4750017486711887174269593868,0.7971930366631006534754765155,967000,17,17
3.00,50000,50000,1,4,GAZP;LKOH;SBER;YDEX,4,4,1.513846861258133844099459080,1.513846861258133844099459080,1.513846861258133844099459080,1.513846861258133844099459080,50000,0,0
3.00,51000,61000,11,5,GAZP;LKOH;SBER;TATN;YDEX,4,5,12.42312535955643676458832672,1.700985366573844299694629360,0.8020177001076034902018437750,12.42312535955643676458832672,51000,3,3
3.00,62000,64000,3,6,GAZP;LKOH;SBER;T;TATN;YDEX,5,5,9.036057339269969752219970085,8.951713106370136149867425775,8.951713106370136149867425775,9.036057339269969752219970085,62000,0,0
3.00,65000,72000,8,7,GAZP;LKOH;NVTK;SBER;T;TATN;YDEX,6,7,8.427479932174172214771047550,1.605968810356224168619263686,0.9352299306640745213599195045,8.427479932174172214771047550,65000,3,3
3.00,73000,102000,30,8,GAZP;GMKN;LKOH;NVTK;SBER;T;TATN;YDEX,7,8,6.808626391303046357538908820,1.509736330664190380553948046,0.8859948336496849762471535265,6.808626391303046357538908820,73000,11,11
3.00,103000,105000,3,9,GAZP;GMKN;LKOH;NVTK;OZON;SBER;T;TATN;YDEX,8,8,3.105316008249057635919786236,3.088252588699137545675203792,3.088252588699137545675203792,3.105316008249057635919786236,103000,0,0
3.00,106000,118000,13,10,GAZP;GMKN;LKOH;NVTK;OZON;ROSN;SBER;T;TATN;YDEX,9,10,4.174955795764408657137040342,0.7028045199067415258539830565,0.7028045199067415258539830565,4.174955795764408657137040342,106000,2,2
3.00,119000,126000,8,11,GAZP;GMKN;LKOH;NVTK;OZON;ROSN;SBER;T;TATN;X5;YDEX,10,11,3.294234452577381755738123891,0.7462009050906631509125574745,0.7462009050906631509125574745,3.294234452577381755738123891,119000,1,1
3.00,127000,129000,3,12,GAZP;GMKN;LKOH;NVTK;OZON;ROSN;SBER;T;TATN;VTBR;X5;YDEX,11,12,3.171556133262678347456922599,0.9365828478358111777845286955,0.9365828478358111777845286955,3.180753543543927548294471844,128000,1,1
3.00,130000,147000,18,13,GAZP;GMKN;LKOH;NVTK;OZON;ROSN;SBER;SBERP;T;TATN;VTBR;X5;YDEX,12,13,2.884921735103315626937926947,1.756916112045283034412276815,0.6939577544355784024715620200,2.884921735103315626937926947,130000,10,10
3.00,148000,150000,3,14,GAZP;GMKN;LKOH;NVTK;OZON;PLZL;ROSN;SBER;SBERP;T;TATN;VTBR;X5;YDEX,13,13,3.036718658973006834455707646,2.752307572783571862635785742,2.752307572783571862635785742,3.036718658973006834455707646,148000,0,0
3.00,151000,180000,30,15,GAZP;GMKN;LKOH;NVTK;OZON;PLZL;ROSN;SBER;SBERP;SNGSP;T;TATN;VTBR;X5;YDEX,13,15,5.290803394352181060626735770,1.451645894037298992385220960,0.7130618073452466554699481055,5.290803394352181060626735770,151000,13,12
3.00,181000,242000,62,16,GAZP;GMKN;LKOH;NVTK;OZON;PLZL;ROSN;SBER;SBERP;SNGS;SNGSP;T;TATN;VTBR;X5;YDEX,15,16,2.048788041741176152363623440,0.7471658854871711645030541055,0.6359358495267161421478017895,2.401279384962348578558250266,191000,33,33
3.00,243000,248000,6,17,GAZP;GMKN;LKOH;NVTK;OZON;PLZL;ROSN;SBER;SBERP;SNGS;SNGSP;T;TATN;TATNP;VTBR;X5;YDEX,16,16,1.575138366647166054410065371,1.550876377706940977801259234,1.550876377706940977801259234,1.625606713054731458620214545,245000,1,1
3.00,249000,270000,22,18,GAZP;GMKN;HEAD;LKOH;NVTK;OZON;PLZL;ROSN;SBER;SBERP;SNGS;SNGSP;T;TATN;TATNP;VTBR;X5;YDEX,17,18,1.571617105072184619605082893,1.557135950329561850647054034,0.6255038419077868444487240970,1.786022062959807690486652812,252000,14,13
3.00,271000,306000,36,19,GAZP;GMKN;HEAD;LKOH;MOEX;NVTK;OZON;PLZL;ROSN;SBER;SBERP;SNGS;SNGSP;T;TATN;TATNP;VTBR;X5;YDEX,18,19,1.634106115850452261681878103,0.7927375864558638061714336805,0.6264775969929221469951404500,1.660520408179633233331155450,283000,18,17
3.00,307000,314000,8,20,GAZP;GMKN;HEAD;LKOH;MOEX;MTSS;NVTK;OZON;PLZL;ROSN;SBER;SBERP;SNGS;SNGSP;T;TATN;TATNP;VTBR;X5;YDEX,19,20,1.321598874224799386088292500,1.666192747502862377224918276,1.320524035272893099984834659,2.529255339974779915214566358,310000,3,3
3.00,315000,350000,36,21,GAZP;GMKN;HEAD;IRAO;LKOH;MOEX;MTSS;NVTK;OZON;PLZL;ROSN;SBER;SBERP;SNGS;SNGSP;T;TATN;TATNP;VTBR;X5;YDEX,20,21,1.678568783508401088489437806,0.6202424079296423118984276790,0.5936626942262976576691935165,1.678568783508401088489437806,315000,14,13
3.00,351000,375000,25,22,CHMF;GAZP;GMKN;HEAD;IRAO;LKOH;MOEX;MTSS;NVTK;OZON;PLZL;ROSN;SBER;SBERP;SNGS;SNGSP;T;TATN;TATNP;VTBR;X5;YDEX,21,22,1.047108931761196692962704372,0.6660423994168943042783714105,0.5703322507179306985513879210,1.418896730654409219699895453,359000,11,10
3.00,376000,381000,6,23,CBOM;CHMF;GAZP;GMKN;HEAD;IRAO;LKOH;MOEX;MTSS;NVTK;OZON;PLZL;ROSN;SBER;SBERP;SNGS;SNGSP;T;TATN;TATNP;VTBR;X5;YDEX,22,22,1.157896288652976586375270238,1.419309749166708520707841778,1.116921840647013572204655000,1.419309749166708520707841778,380000,2,2
3.00,382000,394000,13,24,CBOM;CHMF;GAZP;GMKN;HEAD;IRAO;LKOH;MOEX;MTSS;NVTK;OZON;PLZL;ROSN;RUAL;SBER;SBERP;SNGS;SNGSP;T;TATN;TATNP;VTBR;X5;YDEX,22,24,1.867778834754620061869076761,1.262122182620517183766302979,0.9475403037980422968280012700,1.867778834754620061869076761,382000,4,4
3.00,395000,721000,327,25,CBOM;CHMF;GAZP;GMKN;HEAD;IRAO;LKOH;MOEX;MTSS;NLMK;NVTK;OZON;PLZL;ROSN;RUAL;SBER;SBERP;SNGS;SNGSP;T;TATN;TATNP;VTBR;X5;YDEX,24,25,1.917222946175453591546496127,0.5405431208956106622587410490,0.4762081571496416577402791952,1.917222946175453591546496127,395000,168,167
3.00,722000,730000,9,34,AFLT;BSPB;CBOM;CHMF;DOMRF;ENPG;GAZP;GMKN;HEAD;IRAO;LKOH;MAGN;MOEX;MTSS;NLMK;NVTK;OZON;PHOR;PLZL;ROSN;RTKM;RUAL;SBER;SBERP;SNGS;SNGSP;SVCB;T;TATN;TATNP;TRNFP;VTBR;X5;YDEX,25,25,4.685646250454663308821184560,4.712829586518584411799197336,4.672453283604441000319931803,4.723154195492504842070376830,726000,1,1
3.00,731000,787000,57,35,AFLT;BSPB;CBOM;CHMF;DOMRF;ENPG;GAZP;GMKN;HEAD;IRAO;LKOH;MAGN;MDMG;MOEX;MTSS;NLMK;NVTK;OZON;PHOR;PLZL;ROSN;RTKM;RUAL;SBER;SBERP;SNGS;SNGSP;SVCB;T;TATN;TATNP;TRNFP;VTBR;X5;YDEX,25,35,5.068991777601319358097670460,0.6703354569264988840018673735,0.5111654599920942791169446540,5.068991777601319358097670460,731000,21,20
3.00,788000,835000,48,36,AFLT;BSPB;CBOM;CHMF;DOMRF;ENPG;FLOT;GAZP;GMKN;HEAD;IRAO;LKOH;MAGN;MDMG;MOEX;MTSS;NLMK;NVTK;OZON;PHOR;PLZL;ROSN;RTKM;RUAL;SBER;SBERP;SNGS;SNGSP;SVCB;T;TATN;TATNP;TRNFP;VTBR;X5;YDEX,35,36,0.7541290367739856516454649065,0.5312704895816430059320844000,0.5044745763405115278551420805,0.8592648027559063114805113855,791000,22,22
3.00,836000,883000,48,37,AFLT;BSPB;CBOM;CHMF;CNRU;DOMRF;ENPG;FLOT;GAZP;GMKN;HEAD;IRAO;LKOH;MAGN;MDMG;MOEX;MTSS;NLMK;NVTK;OZON;PHOR;PLZL;ROSN;RTKM;RUAL;SBER;SBERP;SNGS;SNGSP;SVCB;T;TATN;TATNP;TRNFP;VTBR;X5;YDEX,36,37,0.6415555599105849109086011825,0.5029764295626615319167209635,0.5029764295626615319167209635,0.8954401166483096989583947715,843000,23,23
3.00,884000,904000,21,38,AFLT;BSPB;CBOM;CHMF;CNRU;DOMRF;ENPG;FLOT;GAZP;GMKN;HEAD;IRAO;LKOH;MAGN;MDMG;MOEX;MTSS;NLMK;NVTK;OZON;PHOR;PLZL;POSI;ROSN;RTKM;RUAL;SBER;SBERP;SNGS;SNGSP;SVCB;T;TATN;TATNP;TRNFP;VTBR;X5;YDEX,37,38,0.6073030890033764462208602090,0.4644160147032604122590969548,0.4644160147032604122590969548,0.8076731931895158014433643880,890000,6,6
3.00,905000,965000,61,39,AFLT;ALRS;BSPB;CBOM;CHMF;CNRU;DOMRF;ENPG;FLOT;GAZP;GMKN;HEAD;IRAO;LKOH;MAGN;MDMG;MOEX;MTSS;NLMK;NVTK;OZON;PHOR;PLZL;POSI;ROSN;RTKM;RUAL;SBER;SBERP;SNGS;SNGSP;SVCB;T;TATN;TATNP;TRNFP;VTBR;X5;YDEX,38,39,0.6344949761767122519341709415,0.6596043671892449595993697025,0.4591675274917633235857238149,0.7289224651602583422934001285,939000,28,28
3.00,966000,1000000,35,40,AFLT;ALRS;BSPB;CBOM;CHMF;CNRU;DOMRF;ENPG;FLOT;GAZP;GMKN;HEAD;IRAO;LKOH;MAGN;MDMG;MOEX;MTSS;NLMK;NVTK;OZON;PHOR;PLZL;POSI;ROSN;RTKM;RUAL;SBER;SBERP;SNGS;SNGSP;SVCB;T;TATN;TATNP;TRNFP;UGLD;VTBR;X5;YDEX,39,40,0.8168041360322261495028810715,0.6974393265429615236485736085,0.5789662779192410418316903325,0.8639796460001046118933954490,967000,15,15
5.00,50000,50000,1,4,GAZP;LKOH;SBER;YDEX,4,4,0.8827465812851899278569015100,0.8827465812851899278569015100,0.8827465812851899278569015100,0.8827465812851899278569015100,50000,0,0
5.00,51000,61000,11,5,GAZP;LKOH;SBER;TATN;YDEX,4,5,11.26625233775850155278638086,1.700985366573844299694629360,0.8105941303961196157730546800,12.42312535955643676458832672,52000,4,4
5.00,62000,64000,3,6,GAZP;LKOH;SBER;T;TATN;YDEX,5,5,8.833260907550501663808737105,8.993687478757080831578157480,8.833260907550501663808737105,9.036057339269969752219970085,63000,1,1
5.00,65000,72000,8,7,GAZP;LKOH;NVTK;SBER;T;TATN;YDEX,6,7,8.588038476251143074324046990,1.352707764866792053832119306,0.9194742652916652294734255750,8.588038476251143074324046990,65000,2,2
5.00,73000,102000,30,8,GAZP;GMKN;LKOH;NVTK;SBER;T;TATN;YDEX,7,8,6.836061596334764515798179775,1.317593506090943108072870745,0.8859948336496849762471535265,6.836061596334764515798179775,73000,12,12
5.00,103000,105000,3,9,GAZP;GMKN;LKOH;NVTK;OZON;SBER;T;TATN;YDEX,8,8,3.114309307538044119381856784,3.105316008249057635919786236,3.105316008249057635919786236,3.114309307538044119381856784,103000,0,0
5.00,106000,118000,13,10,GAZP;GMKN;LKOH;NVTK;OZON;ROSN;SBER;T;TATN;YDEX,9,10,4.270392173058795726861330422,0.9515649065962928705087811050,0.8189723719729866914323713910,4.270392173058795726861330422,106000,1,1
5.00,119000,126000,8,11,GAZP;GMKN;LKOH;NVTK;OZON;ROSN;SBER;T;TATN;X5;YDEX,10,11,3.309930594244796191316693281,0.7525570323238394433234390650,0.7525570323238394433234390650,3.309930594244796191316693281,119000,1,1
5.00,127000,129000,3,12,GAZP;GMKN;LKOH;NVTK;OZON;ROSN;SBER;T;TATN;VTBR;X5;YDEX,11,12,3.139594478258393656897654830,1.012070280918850544279783371,1.012070280918850544279783371,3.167799685512681999451297300,128000,1,1
5.00,130000,147000,18,13,GAZP;GMKN;LKOH;NVTK;OZON;ROSN;SBER;SBERP;T;TATN;VTBR;X5;YDEX,12,13,2.941119511523676751165703306,1.296514051184483935441265706,0.7160807633914064326807448160,2.941119511523676751165703306,130000,9,9
5.00,148000,150000,3,14,GAZP;GMKN;LKOH;NVTK;OZON;PLZL;ROSN;SBER;SBERP;T;TATN;VTBR;X5;YDEX,13,13,2.834209416162504414753144241,2.951702546965451870504303501,2.834209416162504414753144241,2.964996375092738155360466190,149000,1,1
5.00,151000,180000,30,15,GAZP;GMKN;LKOH;NVTK;OZON;PLZL;ROSN;SBER;SBERP;SNGSP;T;TATN;VTBR;X5;YDEX,13,15,5.388016404548885650231603160,0.7200366637214123230704306120,0.7130618073452466554699481055,5.388016404548885650231603160,151000,14,14
5.00,181000,242000,62,16,GAZP;GMKN;LKOH;NVTK;OZON;PLZL;ROSN;SBER;SBERP;SNGS;SNGSP;T;TATN;VTBR;X5;YDEX,15,16,1.800958280647196543868520084,0.6460101698375343162396722290,0.6359358495267161421478017895,2.401279384962348578558250266,194000,31,31
5.00,243000,248000,6,17,GAZP;GMKN;LKOH;NVTK;OZON;PLZL;ROSN;SBER;SBERP;SNGS;SNGSP;T;TATN;TATNP;VTBR;X5;YDEX,16,17,1.583739886246692791315568666,0.8015625412308456429894689250,0.6559320596977410092898040045,1.583739886246692791315568666,243000,2,2
5.00,249000,270000,22,18,GAZP;GMKN;HEAD;LKOH;NVTK;OZON;PLZL;ROSN;SBER;SBERP;SNGS;SNGSP;T;TATN;TATNP;VTBR;X5;YDEX,17,18,1.172651627295586287138366354,0.9659761042639219938968582840,0.6255038419077868444487240970,1.804104463838770226440827992,258000,12,11
5.00,271000,306000,36,19,GAZP;GMKN;HEAD;LKOH;MOEX;NVTK;OZON;PLZL;ROSN;SBER;SBERP;SNGS;SNGSP;T;TATN;TATNP;VTBR;X5;YDEX,18,19,1.575647258297070109353278970,0.6528486869725014517917430545,0.6273755868327263594042796140,1.660520408179633233331155450,288000,11,11
5.00,307000,314000,8,20,GAZP;GMKN;HEAD;LKOH;MOEX;MTSS;NVTK;OZON;PLZL;ROSN;SBER;SBERP;SNGS;SNGSP;T;TATN;TATNP;VTBR;X5;YDEX,19,20,1.199639318106082878077021319,0.7484019947434830988681176610,0.7484019947434830988681176610,1.419251065599922163029230090,310000,2,2
5.00,315000,350000,36,21,GAZP;GMKN;HEAD;IRAO;LKOH;MOEX;MTSS;NVTK;OZON;PLZL;ROSN;SBER;SBERP;SNGS;SNGSP;T;TATN;TATNP;VTBR;X5;YDEX,20,21,1.263380348361786640567293552,0.6663287837463494324894163895,0.5946696223671541556115886125,2.451382423802900341597060781,320000,15,15
5.00,351000,375000,25,22,CHMF;GAZP;GMKN;HEAD;IRAO;LKOH;MOEX;MTSS;NVTK;OZON;PLZL;ROSN;SBER;SBERP;SNGS;SNGSP;T;TATN;TATNP;VTBR;X5;YDEX,21,22,1.071784375433323924548254642,0.6529104439651062090156232435,0.5703322507179306985513879210,1.422448253538946207326586262,365000,13,13
5.00,376000,381000,6,23,CBOM;CHMF;GAZP;GMKN;HEAD;IRAO;LKOH;MOEX;MTSS;NVTK;OZON;PLZL;ROSN;SBER;SBERP;SNGS;SNGSP;T;TATN;TATNP;VTBR;X5;YDEX,22,23,1.130861539992448202969034169,0.7198514142978462855673926675,0.7198514142978462855673926675,1.461772566557166809817435061,379000,2,2
5.00,382000,394000,13,24,CBOM;CHMF;GAZP;GMKN;HEAD;IRAO;LKOH;MOEX;MTSS;NVTK;OZON;PLZL;ROSN;RUAL;SBER;SBERP;SNGS;SNGSP;T;TATN;TATNP;VTBR;X5;YDEX,23,24,1.364527141207620846319931898,1.096216566799693676328805565,0.6886531492521242132612904650,1.364527141207620846319931898,382000,6,6
5.00,395000,738000,344,25,CBOM;CHMF;GAZP;GMKN;HEAD;IRAO;LKOH;MOEX;MTSS;NLMK;NVTK;OZON;PLZL;ROSN;RUAL;SBER;SBERP;SNGS;SNGSP;T;TATN;TATNP;VTBR;X5;YDEX,24,25,1.386619096715038743676522246,0.7733494234377715951458434685,0.4762081571496416577402791952,1.595965481373342381561276817,399000,161,161
5.00,739000,787000,49,35,AFLT;BSPB;CBOM;CHMF;DOMRF;ENPG;GAZP;GMKN;HEAD;IRAO;LKOH;MAGN;MDMG;MOEX;MTSS;NLMK;NVTK;OZON;PHOR;PLZL;ROSN;RTKM;RUAL;SBER;SBERP;SNGS;SNGSP;SVCB;T;TATN;TATNP;TRNFP;VTBR;X5;YDEX,25,35,5.037062912872181055277825215,0.7950178117615311796914077835,0.6333845403602113463526979855,5.073078612363909370448394680,743000,15,15
5.00,788000,835000,48,36,AFLT;BSPB;CBOM;CHMF;DOMRF;ENPG;FLOT;GAZP;GMKN;HEAD;IRAO;LKOH;MAGN;MDMG;MOEX;MTSS;NLMK;NVTK;OZON;PHOR;PLZL;ROSN;RTKM;RUAL;SBER;SBERP;SNGS;SNGSP;SVCB;T;TATN;TATNP;TRNFP;VTBR;X5;YDEX,35,36,0.6024748759108204341362529690,0.5816210188396625457640295775,0.5176574323707361620919544330,0.9730082388366971516423096030,805000,19,19
5.00,836000,883000,48,37,AFLT;BSPB;CBOM;CHMF;CNRU;DOMRF;ENPG;FLOT;GAZP;GMKN;HEAD;IRAO;LKOH;MAGN;MDMG;MOEX;MTSS;NLMK;NVTK;OZON;PHOR;PLZL;ROSN;RTKM;RUAL;SBER;SBERP;SNGS;SNGSP;SVCB;T;TATN;TATNP;TRNFP;VTBR;X5;YDEX,36,37,0.8470568805877045185344717325,0.6268702905589091047649388065,0.5074576391436844163097330520,0.8606941793819676342231874545,841000,22,22
5.00,884000,904000,21,38,AFLT;BSPB;CBOM;CHMF;CNRU;DOMRF;ENPG;FLOT;GAZP;GMKN;HEAD;IRAO;LKOH;MAGN;MDMG;MOEX;MTSS;NLMK;NVTK;OZON;PHOR;PLZL;POSI;ROSN;RTKM;RUAL;SBER;SBERP;SNGS;SNGSP;SVCB;T;TATN;TATNP;TRNFP;VTBR;X5;YDEX,37,38,0.6376710806133222343050191330,0.5030086746020418597691847690,0.5030086746020418597691847690,0.8791584515519005261968760450,889000,7,7
5.00,905000,965000,61,39,AFLT;ALRS;BSPB;CBOM;CHMF;CNRU;DOMRF;ENPG;FLOT;GAZP;GMKN;HEAD;IRAO;LKOH;MAGN;MDMG;MOEX;MTSS;NLMK;NVTK;OZON;PHOR;PLZL;POSI;ROSN;RTKM;RUAL;SBER;SBERP;SNGS;SNGSP;SVCB;T;TATN;TATNP;TRNFP;VTBR;X5;YDEX,38,39,0.5908074210854472638170144590,0.4925229806498539537654202114,0.4712280790152870043362207588,0.7880582926373550519925334865,911000,27,27
5.00,966000,1000000,35,40,AFLT;ALRS;BSPB;CBOM;CHMF;CNRU;DOMRF;ENPG;FLOT;GAZP;GMKN;HEAD;IRAO;LKOH;MAGN;MDMG;MOEX;MTSS;NLMK;NVTK;OZON;PHOR;PLZL;POSI;ROSN;RTKM;RUAL;SBER;SBERP;SNGS;SNGSP;SVCB;T;TATN;TATNP;TRNFP;UGLD;VTBR;X5;YDEX,39,40,0.5708549168424402959742932230,0.6594247635483347073556920055,0.4648071147753292973414762067,0.7130501931179247757592676790,997000,17,17
8.00,50000,50000,1,4,GAZP;LKOH;SBER;YDEX,4,4,1.605708993361309418043982910,1.605708993361309418043982910,1.605708993361309418043982910,1.605708993361309418043982910,50000,0,0
8.00,51000,61000,11,5,GAZP;LKOH;SBER;TATN;YDEX,4,5,11.33601786499017963642233842,1.623883194538179203027859240,0.8105941303961196157730546800,12.42312535955643676458832672,53000,3,3
8.00,62000,64000,3,6,GAZP;LKOH;SBER;T;TATN;YDEX,5,5,8.919523452908551017651647100,8.833260907550501663808737105,8.833260907550501663808737105,8.919523452908551017651647100,62000,0,0
8.00,65000,72000,8,7,GAZP;LKOH;NVTK;SBER;T;TATN;YDEX,6,7,7.140503674421152189406944730,1.553680283423574442200337120,0.9194742652916652294734255750,7.140503674421152189406944730,65000,3,3
8.00,73000,102000,30,8,GAZP;GMKN;LKOH;NVTK;SBER;T;TATN;YDEX,7,8,7.018957747090726200578671540,1.565520542073468801888102572,0.9406958714174002953354142740,7.018957747090726200578671540,73000,14,14
8.00,103000,105000,3,9,GAZP;GMKN;LKOH;NVTK;OZON;SBER;T;TATN;YDEX,8,8,3.197557023369404719314245672,3.170094798642943256904162272,3.170094798642943256904162272,3.197557023369404719314245672,103000,0,0
8.00,106000,118000,13,10,GAZP;GMKN;LKOH;NVTK;OZON;ROSN;SBER;T;TATN;YDEX,9,10,3.949974333827353728668225532,0.8189723719729866914323713910,0.8189723719729866914323713910,4.293644921232172022766312888,107000,5,5
8.00,119000,126000,8,11,GAZP;GMKN;LKOH;NVTK;OZON;ROSN;SBER;T;TATN;X5;YDEX,10,11,3.529505987420882964908095834,2.683728414462777082774466406,0.8033158167053813286616521200,3.831825748962402988932660071,120000,4,3
8.00,127000,129000,3,12,GAZP;GMKN;LKOH;NVTK;OZON;ROSN;SBER;T;TATN;VTBR;X5;YDEX,11,12,3.181830125416431805660879881,2.449860842104249313665458754,2.449860842104249313665458754,3.211012481186067480100811153,128000,1,1
8.00,130000,147000,18,13,GAZP;GMKN;LKOH;NVTK;OZON;ROSN;SBER;SBERP;T;TATN;VTBR;X5;YDEX,12,13,3.046315925604183325874070946,0.8136740823629539121550045300,0.7160807633914064326807448160,3.046315925604183325874070946,130000,6,6
8.00,148000,150000,3,14,GAZP;GMKN;LKOH;NVTK;OZON;PLZL;ROSN;SBER;SBERP;T;TATN;VTBR;X5;YDEX,13,13,2.872354454700255758907042185,2.859541745019280087219266678,2.859541745019280087219266678,2.872354454700255758907042185,148000,0,0
8.00,151000,180000,30,15,GAZP;GMKN;LKOH;NVTK;OZON;PLZL;ROSN;SBER;SBERP;SNGSP;T;TATN;VTBR;X5;YDEX,14,15,2.346125538148885213598137829,0.8349262557838417111326680150,0.7130618073452466554699481055,2.866796923495084585214044366,164000,19,19
8.00,181000,242000,62,16,GAZP;GMKN;LKOH;NVTK;OZON;PLZL;ROSN;SBER;SBERP;SNGS;SNGSP;T;TATN;VTBR;X5;YDEX,15,16,1.831575087610643333510096014,0.8979030002379580637700581565,0.6359358495267161421478017895,2.401279384962348578558250266,200000,31,31
8.00,243000,248000,6,17,GAZP;GMKN;LKOH;NVTK;OZON;PLZL;ROSN;SBER;SBERP;SNGS;SNGSP;T;TATN;TATNP;VTBR;X5;YDEX,16,17,1.753516166068846362992827516,0.7424959994943718052171707955,0.7424959994943718052171707955,1.753516166068846362992827516,243000,1,1
8.00,249000,270000,22,18,GAZP;GMKN;HEAD;LKOH;NVTK;OZON;PLZL;ROSN;SBER;SBERP;SNGS;SNGSP;T;TATN;TATNP;VTBR;X5;YDEX,17,18,1.203148935412693896505251342,0.7299773697026326811481851790,0.6111645258343121313058287535,1.786022062959807690486652812,264000,9,9
8.00,271000,306000,36,19,GAZP;GMKN;HEAD;LKOH;MOEX;NVTK;OZON;PLZL;ROSN;SBER;SBERP;SNGS;SNGSP;T;TATN;TATNP;VTBR;X5;YDEX,18,19,1.222777961111545912468300967,0.9092710078797026406088255595,0.6659574800720371368557736620,1.675463401017519714098124676,297000,19,19
8.00,307000,314000,8,20,GAZP;GMKN;HEAD;LKOH;MOEX;MTSS;NVTK;OZON;PLZL;ROSN;SBER;SBERP;SNGS;SNGSP;T;TATN;TATNP;VTBR;X5;YDEX,19,20,1.389724800440983865485860930,0.9170442333893810166118686510,0.8069571878921853866952130115,1.389724800440983865485860930,307000,2,2
8.00,315000,350000,36,21,GAZP;GMKN;HEAD;IRAO;LKOH;MOEX;MTSS;NVTK;OZON;PLZL;ROSN;SBER;SBERP;SNGS;SNGSP;T;TATN;TATNP;VTBR;X5;YDEX,20,21,1.044916135664485989692821020,1.313384238146828208150419998,0.6574913710021576234377410510,1.654873704895444916132596690,333000,20,20
8.00,351000,375000,25,22,CHMF;GAZP;GMKN;HEAD;IRAO;LKOH;MOEX;MTSS;NVTK;OZON;PLZL;ROSN;SBER;SBERP;SNGS;SNGSP;T;TATN;TATNP;VTBR;X5;YDEX,21,22,0.9853480521452049537975878130,1.244570868875509104229255326,0.5922426130053341414304653075,1.247426310890980532050901780,374000,13,12
8.00,376000,381000,6,23,CBOM;CHMF;GAZP;GMKN;HEAD;IRAO;LKOH;MOEX;MTSS;NVTK;OZON;PLZL;ROSN;SBER;SBERP;SNGS;SNGSP;T;TATN;TATNP;VTBR;X5;YDEX,22,23,0.9078191173565165757610124145,1.357936155750917625672467449,0.9078191173565165757610124145,1.901519583769899323709097113,377000,2,1
8.00,382000,394000,13,24,CBOM;CHMF;GAZP;GMKN;HEAD;IRAO;LKOH;MOEX;MTSS;NVTK;OZON;PLZL;ROSN;RUAL;SBER;SBERP;SNGS;SNGSP;T;TATN;TATNP;VTBR;X5;YDEX,23,24,1.148519822881373450978499992,0.7659771054452914356205852355,0.6115218980731068176180924480,1.148519822881373450978499992,382000,5,5
8.00,395000,759000,365,25,CBOM;CHMF;GAZP;GMKN;HEAD;IRAO;LKOH;MOEX;MTSS;NLMK;NVTK;OZON;PLZL;ROSN;RUAL;SBER;SBERP;SNGS;SNGSP;T;TATN;TATNP;VTBR;X5;YDEX,24,25,0.9924930656059570895129370255,0.7733494234377715951458434685,0.4762081571496416577402791952,1.392322290045175875749453696,486000,179,179
8.00,760000,787000,28,35,AFLT;BSPB;CBOM;CHMF;DOMRF;ENPG;GAZP;GMKN;HEAD;IRAO;LKOH;MAGN;MDMG;MOEX;MTSS;NLMK;NVTK;OZON;PHOR;PLZL;ROSN;RTKM;RUAL;SBER;SBERP;SNGS;SNGSP;SVCB;T;TATN;TATNP;TRNFP;VTBR;X5;YDEX,25,35,5.037062912872181055277825215,0.8863546926642905902036957040,0.6333845403602113463526979855,5.181934641780867664721288595,775000,6,6
8.00,788000,835000,48,36,AFLT;BSPB;CBOM;CHMF;DOMRF;ENPG;FLOT;GAZP;GMKN;HEAD;IRAO;LKOH;MAGN;MDMG;MOEX;MTSS;NLMK;NVTK;OZON;PHOR;PLZL;ROSN;RTKM;RUAL;SBER;SBERP;SNGS;SNGSP;SVCB;T;TATN;TATNP;TRNFP;VTBR;X5;YDEX,35,36,1.014447290571987906065440952,0.5439690660433211120856720730,0.5439690660433211120856720730,1.200088365030127663084388206,794000,22,21
8.00,836000,883000,48,37,AFLT;BSPB;CBOM;CHMF;CNRU;DOMRF;ENPG;FLOT;GAZP;GMKN;HEAD;IRAO;LKOH;MAGN;MDMG;MOEX;MTSS;NLMK;NVTK;OZON;PHOR;PLZL;ROSN;RTKM;RUAL;SBER;SBERP;SNGS;SNGSP;SVCB;T;TATN;TATNP;TRNFP;VTBR;X5;YDEX,36,37,0.7341760474892320560936971540,0.5627932708112329604627532215,0.5071366221407463783085176990,0.7906535891449168023214145990,840000,18,18
8.00,884000,904000,21,38,AFLT;BSPB;CBOM;CHMF;CNRU;DOMRF;ENPG;FLOT;GAZP;GMKN;HEAD;IRAO;LKOH;MAGN;MDMG;MOEX;MTSS;NLMK;NVTK;OZON;PHOR;PLZL;POSI;ROSN;RTKM;RUAL;SBER;SBERP;SNGS;SNGSP;SVCB;T;TATN;TATNP;TRNFP;VTBR;X5;YDEX,37,38,0.6369322874133409952684909020,0.5645563991856902794919393535,0.5247150976913407165911490305,0.8619042065410189328190625325,887000,7,7
8.00,905000,965000,61,39,AFLT;ALRS;BSPB;CBOM;CHMF;CNRU;DOMRF;ENPG;FLOT;GAZP;GMKN;HEAD;IRAO;LKOH;MAGN;MDMG;MOEX;MTSS;NLMK;NVTK;OZON;PHOR;PLZL;POSI;ROSN;RTKM;RUAL;SBER;SBERP;SNGS;SNGSP;SVCB;T;TATN;TATNP;TRNFP;VTBR;X5;YDEX,38,39,0.8091178577392538944391275420,0.5174918077787152693000932925,0.4712280790152870043362207588,0.8563721644930328565831594175,923000,24,24
8.00,966000,1000000,35,40,AFLT;ALRS;BSPB;CBOM;CHMF;CNRU;DOMRF;ENPG;FLOT;GAZP;GMKN;HEAD;IRAO;LKOH;MAGN;MDMG;MOEX;MTSS;NLMK;NVTK;OZON;PHOR;PLZL;POSI;ROSN;RTKM;RUAL;SBER;SBERP;SNGS;SNGSP;SVCB;T;TATN;TATNP;TRNFP;UGLD;VTBR;X5;YDEX,39,40,0.5803926851976038912499486730,0.5065863288678396255636669875,0.4568991757529135206000984096,0.9493768551113481397807137105,972000,15,15
10.00,50000,50000,1,4,GAZP;LKOH;SBER;YDEX,4,4,0.9173722618159131521411633600,0.9173722618159131521411633600,0.9173722618159131521411633600,0.9173722618159131521411633600,50000,0,0
10.00,51000,61000,11,5,GAZP;LKOH;SBER;TATN;YDEX,4,5,11.66492592564394151756164288,1.623883194538179203027859240,0.8020177001076034902018437750,12.42312535955643676458832672,54000,2,2
10.00,62000,64000,3,6,GAZP;LKOH;SBER;T;TATN;YDEX,5,6,8.608118277349032764420529710,1.211711990887772860253088114,1.211711990887772860253088114,8.608118277349032764420529710,62000,0,0
10.00,65000,72000,8,7,GAZP;LKOH;NVTK;SBER;T;TATN;YDEX,7,7,5.653396591266503262962527350,1.368399737721637772798612426,0.8997217340376643197520235570,5.653396591266503262962527350,65000,2,2
10.00,73000,102000,30,8,GAZP;GMKN;LKOH;NVTK;SBER;T;TATN;YDEX,7,8,7.143129372415044232947486045,3.543329463339878337320016484,0.8792383898583898139603079510,7.143129372415044232947486045,73000,11,11
10.00,103000,105000,3,9,GAZP;GMKN;LKOH;NVTK;OZON;SBER;T;TATN;YDEX,8,8,3.207093356219957795947227436,3.197557023369404719314245672,3.197557023369404719314245672,3.207093356219957795947227436,103000,0,0
10.00,106000,118000,13,10,GAZP;GMKN;LKOH;NVTK;OZON;ROSN;SBER;T;TATN;YDEX,8,10,7.432666755117563063956566230,3.924358747866190551048912270,0.8474585340029289367047137640,7.432666755117563063956566230,106000,6,6
10.00,119000,126000,8,11,GAZP;GMKN;LKOH;NVTK;OZON;ROSN;SBER;T;TATN;X5;YDEX,10,11,3.547530335201512479073339841,1.028536936421955503977470752,0.8033158167053813286616521200,3.831825748962402988932660071,122000,2,1
10.00,127000,129000,3,12,GAZP;GMKN;LKOH;NVTK;OZON;ROSN;SBER;T;TATN;VTBR;X5;YDEX,11,11,3.145388705883135707839182050,3.181830125416431805660879881,3.145388705883135707839182050,3.181830125416431805660879881,128000,1,1
10.00,130000,147000,18,13,GAZP;GMKN;LKOH;NVTK;OZON;ROSN;SBER;SBERP;T;TATN;VTBR;X5;YDEX,12,13,2.850256527720049568335973468,0.8855551200938006387442724275,0.7160807633914064326807448160,2.850256527720049568335973468,130000,8,8
10.00,148000,150000,3,14,GAZP;GMKN;LKOH;NVTK;OZON;PLZL;ROSN;SBER;SBERP;T;TATN;VTBR;X5;YDEX,13,14,2.913126106775023262879968198,0.7417910611098760637164089390,0.7417910611098760637164089390,2.913126106775023262879968198,148000,0,0
10.00,151000,180000,30,15,GAZP;GMKN;LKOH;NVTK;OZON;PLZL;ROSN;SBER;SBERP;SNGSP;T;TATN;VTBR;X5;YDEX,14,15,2.392235091547320264499342058,2.128603453951600030789728374,0.7130618073452466554699481055,2.862876380775569136026626918,168000,18,18
10.00,181000,242000,62,16,GAZP;GMKN;LKOH;NVTK;OZON;PLZL;ROSN;SBER;SBERP;SNGS;SNGSP;T;TATN;VTBR;X5;YDEX,15,16,1.893071160021130565043081709,1.085299174530841191698702206,0.6359358495267161421478017895,2.401279384962348578558250266,204000,35,34
10.00,243000,248000,6,17,GAZP;GMKN;LKOH;NVTK;OZON;PLZL;ROSN;SBER;SBERP;SNGS;SNGSP;T;TATN;TATNP;VTBR;X5;YDEX,16,17,1.391004286686328648406350891,0.7647342530434488254080641190,0.7647342530434488254080641190,1.391004286686328648406350891,243000,1,0
10.00,249000,270000,22,18,GAZP;GMKN;HEAD;LKOH;NVTK;OZON;PLZL;ROSN;SBER;SBERP;SNGS;SNGSP;T;TATN;TATNP;VTBR;X5;YDEX,17,18,1.225412318421604626520986101,1.763268219141312785456059727,0.6389400500430796730017250640,1.786022062959807690486652812,269000,7,7
10.00,271000,306000,36,19,GAZP;GMKN;HEAD;LKOH;MOEX;NVTK;OZON;PLZL;ROSN;SBER;SBERP;SNGS;SNGSP;T;TATN;TATNP;VTBR;X5;YDEX,18,19,1.650389448999454278815581425,0.6679462912468359755272019325,0.6229239862294142775044482230,1.758522407932399733292073334,274000,16,15
10.00,307000,314000,8,20,GAZP;GMKN;HEAD;LKOH;MOEX;MTSS;NVTK;OZON;PLZL;ROSN;SBER;SBERP;SNGS;SNGSP;T;TATN;TATNP;VTBR;X5;YDEX,19,20,1.233324046276491474525284336,0.6893714903246157583882532705,0.6893714903246157583882532705,1.233324046276491474525284336,307000,0,0
10.00,315000,350000,36,21,GAZP;GMKN;HEAD;IRAO;LKOH;MOEX;MTSS;NVTK;OZON;PLZL;ROSN;SBER;SBERP;SNGS;SNGSP;T;TATN;TATNP;VTBR;X5;YDEX,20,21,1.068191301584010157245238161,0.6856535219309952540940524020,0.6574913710021576234377410510,1.654873704895444916132596690,339000,14,14
10.00,351000,375000,25,22,CHMF;GAZP;GMKN;HEAD;IRAO;LKOH;MOEX;MTSS;NVTK;OZON;PLZL;ROSN;SBER;SBERP;SNGS;SNGSP;T;TATN;TATNP;VTBR;X5;YDEX,21,22,1.002832549869742806603758625,0.6107370068598428176472670785,0.5954378821392716197496463320,1.391972390018017809953147511,369000,13,13
10.00,376000,381000,6,23,CBOM;CHMF;GAZP;GMKN;HEAD;IRAO;LKOH;MOEX;MTSS;NVTK;OZON;PLZL;ROSN;SBER;SBERP;SNGS;SNGSP;T;TATN;TATNP;VTBR;X5;YDEX,22,22,0.9348814034621853116656431995,0.8962130132192524784281649530,0.8602575896154681413216349575,0.9526515575131135308338114940,378000,1,1
10.00,382000,394000,13,24,CBOM;CHMF;GAZP;GMKN;HEAD;IRAO;LKOH;MOEX;MTSS;NVTK;OZON;PLZL;ROSN;RUAL;SBER;SBERP;SNGS;SNGSP;T;TATN;TATNP;VTBR;X5;YDEX,23,24,1.048814581973872893485388868,0.6326587452147953019766571670,0.6326587452147953019766571670,1.407106048649811186858252294,389000,3,2
10.00,395000,773000,379,25,CBOM;CHMF;GAZP;GMKN;HEAD;IRAO;LKOH;MOEX;MTSS;NLMK;NVTK;OZON;PLZL;ROSN;RUAL;SBER;SBERP;SNGS;SNGSP;T;TATN;TATNP;VTBR;X5;YDEX,24,25,1.061994251820423861145403081,0.7733494234377715951458434685,0.4762081571496416577402791952,1.392322290045175875749453696,495000,188,188
10.00,774000,787000,14,35,AFLT;BSPB;CBOM;CHMF;DOMRF;ENPG;GAZP;GMKN;HEAD;IRAO;LKOH;MAGN;MDMG;MOEX;MTSS;NLMK;NVTK;OZON;PHOR;PLZL;ROSN;RTKM;RUAL;SBER;SBERP;SNGS;SNGSP;SVCB;T;TATN;TATNP;TRNFP;VTBR;X5;YDEX,25,25,5.037062912872181055277825215,5.048376410656208910013347360,5.034684751817758987596979100,5.075605022891951857345545510,778000,1,1
10.00,788000,835000,48,36,AFLT;BSPB;CBOM;CHMF;DOMRF;ENPG;FLOT;GAZP;GMKN;HEAD;IRAO;LKOH;MAGN;MDMG;MOEX;MTSS;NLMK;NVTK;OZON;PHOR;PLZL;ROSN;RTKM;RUAL;SBER;SBERP;SNGS;SNGSP;SVCB;T;TATN;TATNP;TRNFP;VTBR;X5;YDEX,35,36,0.6404936243090602083955780605,0.5545195028667609358821190025,0.5112187631574907152994215810,1.039198594872853687587889626,798000,21,21
10.00,836000,883000,48,37,AFLT;BSPB;CBOM;CHMF;CNRU;DOMRF;ENPG;FLOT;GAZP;GMKN;HEAD;IRAO;LKOH;MAGN;MDMG;MOEX;MTSS;NLMK;NVTK;OZON;PHOR;PLZL;ROSN;RTKM;RUAL;SBER;SBERP;SNGS;SNGSP;SVCB;T;TATN;TATNP;TRNFP;VTBR;X5;YDEX,36,37,0.7454263640025028009848599830,0.5681040980343613677061060635,0.5175851106947546817624954295,1.125205812859383357718610003,841000,20,20
10.00,884000,904000,21,38,AFLT;BSPB;CBOM;CHMF;CNRU;DOMRF;ENPG;FLOT;GAZP;GMKN;HEAD;IRAO;LKOH;MAGN;MDMG;MOEX;MTSS;NLMK;NVTK;OZON;PHOR;PLZL;POSI;ROSN;RTKM;RUAL;SBER;SBERP;SNGS;SNGSP;SVCB;T;TATN;TATNP;TRNFP;VTBR;X5;YDEX,37,38,0.8977052962642318449287869125,0.6435972187912482254105154220,0.5071877447091100525224036780,0.9090412669455422607477298420,888000,9,9
10.00,905000,965000,61,39,AFLT;ALRS;BSPB;CBOM;CHMF;CNRU;DOMRF;ENPG;FLOT;GAZP;GMKN;HEAD;IRAO;LKOH;MAGN;MDMG;MOEX;MTSS;NLMK;NVTK;OZON;PHOR;PLZL;POSI;ROSN;RTKM;RUAL;SBER;SBERP;SNGS;SNGSP;SVCB;T;TATN;TATNP;TRNFP;VTBR;X5;YDEX,38,39,0.7770060934695611143063052680,0.4980871182760241128055310804,0.4980871182760241128055310804,0.8642315322504414455993930285,906000,26,25
10.00,966000,1000000,35,40,AFLT;ALRS;BSPB;CBOM;CHMF;CNRU;DOMRF;ENPG;FLOT;GAZP;GMKN;HEAD;IRAO;LKOH;MAGN;MDMG;MOEX;MTSS;NLMK;NVTK;OZON;PHOR;PLZL;POSI;ROSN;RTKM;RUAL;SBER;SBERP;SNGS;SNGSP;SVCB;T;TATN;TATNP;TRNFP;UGLD;VTBR;X5;YDEX,39,40,0.5794450872724123401351185430,0.6865268622868697716665642700,0.5176734186404528654505464385,0.6959599162680541457658875830,998000,16,16
